returns
-154.53154096770396
-151.8235871659842
-128.3751007503703
-104.52495600484536
-81.35664193158813
-61.475658424896245
-57.90834007188121
-53.19791961775949
-56.66620436358514
-45.998178898335766
-50.862624720549356
-54.4089533497957
-36.68477142937901
-39.241718622392845
-33.14714042555344
-34.64637279328796
-22.014855520590324
-23.096056096110136
-18.025814469670653
-16.92467114472703
-26.48096417768583
-32.17174502323
-20.548484108418275
-23.719788293929117
-18.084776311354407
-19.90768536324783
-21.43693070916364
-14.64880375595312
-12.13888255550789
-10.166860337008735
-9.568649108099613
-17.75608503230357
-23.368909166883054
-19.95314531026368
-10.126425453677957
-12.088145204074184
-10.596295214408142
-14.464703248758358
-10.314181944212201
-14.086823879823534
-10.636580762266215
-9.135351859664983
-9.550343179683034
-12.149555400984637
-8.544992191893641
-14.874778328875394
-10.704151219917472
-9.882790893152524
-9.059246979038914
-11.802033863558444
-10.047769823661136
-11.027454992025739
-16.342522899302608
-10.10676093120438
-14.00964513925001
-9.528026121718506
-8.594517379532814
-7.896086584972833
-9.661968404558378
-9.086793074655786
-7.859262759124062
-9.524047685676747
-11.764380910066619
-7.89969718380986
-7.62910678581766
-8.57772914902323
-9.591600883914644
-6.223724357829615
-18.36352468955712
-7.238792772928307
-8.468258926102527
-7.329142966114023
-6.672870126909933
-5.130140972090588
-9.953394908743034
-6.022791357115511
-7.4936189097083465
-7.278479220390687
-7.782156269477902
-7.1271092384184636
-7.509662382390473
-7.328733563139463
-6.655474825778558
-6.395906459559784
-6.66785481433926
-7.823578850007875
-9.527631294211428
-12.642808534603438
-7.919729708348711
-8.548488767963486
-10.816121944251577
-7.811405797503891
-6.506803070159933
-6.819089854480764
-10.356048687451954
-5.211574745627404
-6.300367328534547
-6.111114522075003
-8.172636216798738
-6.993867020231226
-6.684751529033055
-7.454177020125883
-8.371319564181146
-6.854096263461537
-6.149146433767129
-6.37530408411468
-6.339623503423013
-9.76814393286688
-8.020222206173392
-6.696329512790562
-6.501370974021252
-6.0666727566591625
-7.447578422142288
-6.294782482409608
-6.967333384063028
-6.52730000521981
-8.509875905270832
-5.777707550731681
-5.343667494470352
-7.423643990283493
-6.402106897524437
-8.023307755060925
-6.36024118875243
-5.93934971137149
-7.116983067459268
-6.39893306229036
-6.253434491202859
-8.229297886444405
-6.675723330269252
-5.9812210857879275
-5.747202416797694
-6.760719247955758
-5.867275030253634
-5.350987648114064
-6.980629695173012
-6.225243768204161
-5.428580949226767
-6.881211160141562
-6.495226789397782
-5.837507502833531
-5.966772049682013
-7.509249450465992
-6.048250713739916
-6.914328009746733
-5.468122968107505
-6.680417371792533
-6.052913505952259
-5.195329828867635
-5.510977873327848
-5.791623222132477
-6.638280149551059
-5.971758291080465
-5.60619897360804
-6.075456067082412
-5.675323783780746
-7.626736610813556
-5.516254350652209
-6.610086367057382
-5.956491717307612
-5.807368457435266
-5.907022881837741
-6.940081701039701
-11.582511416992538
-5.556645510402264
-5.476837538324115
-4.919278935697494
-5.489994487896882
-5.523407939118662
-5.45598098260884
-5.16530436868068
-5.436012648917789
-5.06104733642438
-4.996749806184733
-6.0163898952912795
-6.030914518239445
-6.612715160836927
-7.274767983745779
-5.571638293022042
-5.264365270593204
-12.179429657693628
-5.708465352201407
-6.028617616810424
-6.049595894452742
-9.994756779015065
-5.089113933491731
-6.014946568521335
-6.228800846795913
-5.767424706947085
-5.449134482045849
-7.056686727432551
-7.446809233749075
-6.151625851129427
-5.966420568235168
-5.99142874587605
-8.39724852419848
-5.203293395109272
-6.858379343948366
-5.796027187759872
-5.663851270751518
-5.038774484553146
-9.594343065015256
-5.8093976531147025
-5.082530952784527
-5.565819082272747
-6.055027879726257
-6.741566308263159
-6.598784601652751
-5.8811241077353875
-5.345951798478359
-5.686989294648917
-5.739551919000824
-6.521871916456667
-6.816139014381454
-6.32815085747616
-6.16407790690775
-8.418067587140959
-5.040122053227267
-6.16503553830437
-6.024572428796995
-5.913890326493998
-6.47217965364133
-5.350807635744186
-5.6490821770305715
-4.932362072747025
-5.750047255213871
-5.994350300263719
-5.75192481019222
-5.134058047550526
-6.434647011605003
-5.794397434907076
-16.93107596218709
-5.6973338027981235
-7.814098538920331
-5.917500073901039
-5.415139548948033
-6.182469607452495
-5.4654052878174335
-5.396505405759634
-5.881666110292518
-21.037285895803596
-5.832529418170304
-5.209385124732937
-5.424428008266972
-6.564910526836894
-6.7349120263653885
-5.439516050817502
-5.45941246312907
-5.1991652795936725
-5.899813720234658
-13.471549308413568
-7.701459051263173
-5.808455892723353
-5.030293338936106
-6.671764420480629
-6.573234976172404
-6.193189492606634
-5.35131049430948
-5.402879863308812
-5.9894046198698305
-5.295033721705904
-6.123819496447338
-6.007443557653127
-7.31413720806803
-5.968074161469378
-5.560086581815453
-7.527169279031989
-5.432648904601188
-6.591743917850796
-5.384896620648686
-5.441861490115658
-5.137397232300325
-5.363749993942561
-5.6356553012302095
-5.423792450247
-5.793561048198935
-5.037525378692623
-5.663358359088946
-14.054481177285146
-5.60363947035142
-5.696030617597717
-5.315451316039346
-5.988389755066907
-5.323192663926334
-5.130588779474861
-8.051963214119485
-5.307846133456529
-5.095757326753707
-4.86566087920359
-5.685398122883859
-5.3928044174623455
-5.536381249014113
-5.909564159513731
-5.272478636551946
-5.749184789210696
-5.230583259401704
-5.1468626435046785
-7.453841229113328
-5.674128921981231
-6.681468754508194
-5.579872958127048
-5.540434063313304
-5.824211556369644
-5.101623935792675
-5.849744343001061
-4.940829030082305
-6.156360866300129
-5.3688073205896725
-5.5966611957032315
-5.207929284592419
-5.6433165021717215
-4.89961673405284
-4.874149704833204
-5.882147856404918
-5.325104305416939
-5.1589478452837545
-8.27459363327195
-5.445960241744163
-5.043442719976571
-5.755531780246966
-5.409036823122132
-5.015087791273744
-5.895374492027195
-6.597288020293635
-5.722395394521384
-4.937909436549513
-5.334579757719716
-4.9569643228320714
-4.870075391972218
-5.214876380571276
-5.789641059913665
-5.4182416809703335
-5.358990080028331
-4.998208601126203
-5.157862382643826
-5.162799015607006
-5.533855296383204
-5.059119901076281
-6.433378846647881
-5.269772583620751
-5.152209756245902
-4.930507616504797
-5.386710428813185
-4.990834586064964
-5.242671948472489
-5.718465577237117
-5.0908320082821055
-5.395065992703415
-5.849405964503785
-5.386788773198401
-5.414067504279836
-5.178874302408937
-5.708628919879209
-5.037529612780805
-5.690085002781035
-7.366222572016522
-6.598431886253305
-6.157356382821412
-5.1720834118148735
-4.919993828949643
-4.931382104289878
-6.5931023612166095
-5.726534094215196
-5.276415853738157
-5.362731237045827
-5.059937835303474
-4.963927604354419
-5.04814664700583
-5.112316270803759
-5.311913973875576
-5.60892779506389
-5.734466127273262
-5.34758877633162
-5.2411982409225395
-10.60133210235081
-5.019338325277346
-6.510009205927459
-5.235401248500175
-4.928704826346896
-5.092996181385661
-5.3147621318615625
-4.9594739568953194
-5.430004863213492
-4.780637028028331
-5.513638628768849
-5.432415773026565
-5.376501075148368
-5.032140926215814
-6.958624677005385
-5.186491574730096
-5.978466941865547
-5.529423396397871
-5.003426669172873
-4.879484333676618
-5.205964250070994
-5.768146266862888
-6.5253092830223824
-4.951595150649873
-5.6065505421804165
-4.9261132143993205
-5.285512990629849
-4.814711353807509
-5.283024006515265
-5.346302758403673
-5.5675399982307
-5.010761212211085
-4.787656618470395
-4.844314164414368
-5.661843855747573
-5.208991092312119
-4.910237840113057
-4.883979316754828
-5.297551464113322
-4.811006836480251
-5.500382939623117
-4.729823127504622
-7.126880770517401
-4.877930733378273
-4.801808737495099
-6.54569884052142
-7.190612239347674
-5.998797721677467
-4.900671667473328
-6.8448588096234415
-5.136656192596448
-4.827361627583381
-5.140652434445935
-4.783033159615462
-5.356909611102589
-6.473150692572397
-5.20125501528684
-5.049229537418127
-4.915757377709508
-5.781468374794871
-5.269434150928663
-5.2175898999436585
-10.398430948104163
-4.89644488886598
-4.832614045721051
-5.51555786141647
-4.767088363981978
-4.798344514484613
-4.856121002480136
-10.501391230740692
-4.670775628406147
-4.924811425578842
-5.108723929033133
-5.342624877546414
-4.769131382483094
-4.590043390953564
-4.9640833639180695
-5.255567985294502
-4.877684870003678
-6.517754268134703
-4.962110557557617
-4.761247035030816
-4.659454137563882
-4.989345772706498
-4.76367807843886
-5.954671566125982
-4.789793023104648
-4.787048956871418
-5.059158370252901
-5.017313990303677
-5.062352407652692
-4.846571065917225
-5.345682359453888
-6.266552138258648
-4.731230344039564
-5.124495674347912
-4.97714101059063
-5.49369227569318
-5.163257544996499
-4.874754007587587
-4.8701833125160645
-5.401361649410347
-4.603245051115264
-5.938208357695549
-5.201237718051416
-4.934484379488227
-5.036388978617071
-4.884443403048651
-4.9982241261823654
-5.034042830359782
-4.81706918728423
-5.406090161963134
-4.844375481438975
-4.6695514737997215
-4.817229394151238
-5.065030830139396
-4.978922270840371
-5.242060408510349
-4.7948831622427335
-5.411316835441912
-4.471177845234337
-5.437937918847574
-4.926549032155001
-5.133745484098055
-5.202295061715017
-5.2352594964666
-5.09491600146668
-4.921804754891888
-5.053040104136696
-4.961021171663548
-4.903366485136538
-5.349497259735356
-4.745831397407936
-5.098773263105761
-5.610715360611755
-5.116844039476613
-4.657306014440611
-4.60446090198316
-5.05689018251833
-4.713469355306368
-7.560536762955781
-4.72092781297979
-4.482054820136072
-4.993157345488998
-10.34683200587878
-5.138922556618958
-6.1327783212771685
-5.0494026270552785
-5.385979028686766
-5.194880093034447
-4.768616550896149
-4.800549253046068
-4.847559624223651
-5.566154782021696
-4.712199658402836
-4.983206773577568
-4.7914704792185905
-5.205791151447811
-4.617787396099775
-4.720793261289134
-4.824960923391229
-4.453507722439108
-4.528056660502523
-5.026675137188767
-4.856830438359072
-4.61109313744373
-5.046134303254234
-4.454814936657462
-4.8224909207556115
-4.901532023114776
-4.771325635655853
-5.165162559284601
-4.447900677645375
-5.142411528607334
-5.040904223399615
-7.393232268950662
-10.243865113548395
-4.972676806369052
-4.467457512304222
-6.546606611235993
-4.953605947800099
-4.79220185349331
-4.684574371882035
-5.197267256357073
-5.194494596526428
-4.970889081874036
-4.987246931065554
-5.049649049581211
-4.632314090973784
-6.142545042994859
-4.653260498446893
-4.405590451465796
-4.732934259059641
-4.737477190109797
-5.661929592423159
-5.077426277341335
-5.224855963995632
-5.28640311314095
-5.190554791380814
-4.940500946613394
-5.291003054998948
-4.596637250702514
-5.1369028093825735
-4.529758682006584
-4.9354508717826056
-4.77806370170908
-5.311406489365419
-12.38229273036988
-4.810931404110318
-6.151675357181542
-4.4009559707354065
-4.896668665886987
-5.034302394351231
-5.2903131168241355
-4.718842001234689
-5.847304498844844
-7.215282607659974
-5.2344867094582295
-4.629336309579482
-4.896083117710175
-5.0053349379530525
-5.165444209732854
-4.8182558986600235
-6.626338077803107
-4.964688579066157
-5.7169611284984985
-4.897156330512767
-4.7533628713914675
-4.9596108406045785
-4.730837765283589
-4.980573784016395
-5.418287333943862
-5.1851297202737054
-4.940435663185061
-5.005445602503141
-4.640421551238611
-5.385893178824939
-5.085561231017189
-4.655097135621931
-5.672083793173787
-4.603412437835446
-4.630433122923095
-4.677061758847467
-5.500825748753714
-5.604127691171771
-5.352119847588472
-4.683524173443385
-4.803205660249035
-4.8285343949451525
-4.670640486436341
-5.107507628323086
-4.825154797267907
-4.8044851748032205
-4.552956714411777
-4.533681763992927
-5.053799014850081
-5.018817513732071
-4.856642824776915
-4.729471876974998
-4.90709960741601
-4.626387716797244
-4.75135749414314
-4.753299031207249
-4.66003564230866
-4.94995991673936
-4.462688605230682
-5.048363935348995
-4.976219116842751
-4.863022341086533
-4.718572324482753
-4.577087630793881
-5.42308837222921
-4.724861274061734
-4.5740493359515115
-4.651690742159023
-5.020023123786206
-4.755426966474386
-5.311278326885878
-4.453209535510406
-4.666963031244687
-4.78422872548134
-4.998348246607761
-4.811721482295787
-4.409705153051595
-7.2156140229874275
-4.854923530668056
-4.482225833159544
-5.1382318696911025
-4.901754104115352
-4.768437931439597
-5.947590792262398
-4.6235780749585835
-4.7074795153694176
-4.62439812273464
-4.529082576682137
-4.62151989813109
-4.451760451805043
-4.774298764666689
-4.85673438422643
-4.838138552939701
-4.7022887727358285
-4.729330018943325
-4.702475302494102
-5.148505723966863
-5.340860529939496
-4.859121082845106
-5.344985092109138
-4.558085624127823
-4.747893331581126
-4.590363521531675
-5.571180015311651
-4.880579085893246
-4.745535129191106
-4.462370039759015
-4.6147720489610276
-4.7645639888909805
-4.884905115835303
-5.045422915530148
-4.887631949150681
-4.447760074679712
-4.7311787515737045
-4.391709485881393
-4.416601231913293
-4.899354831170224
-5.6284790927478525
-5.877437576319497
-5.915642635489731
-4.529860523584813
-4.883522490353779
-5.1061359942973725
-4.612886462754668
-4.776937973687717
-5.082496651579515
-4.777882055304958
-4.752296439747159
-4.827812186342616
-4.536997540251463
-4.689607798269873
-4.372165575643561
-4.48338335579716
-4.786448303548915
-4.704380721554119
-4.886004798302747
-4.851895932528268
-4.491215011593569
-4.895896123453143
-4.590678776224113
-5.557743473415347
-4.650333664580913
-4.778255234604892
-7.950596364247851
-5.089017942465287
-4.612817042110751
-4.6321953251046155
-5.039335388513353
-4.915598109711992
-4.747955400060199
-5.153979232841738
-4.80218394743164
-4.513436500614675
-4.881433445523417
-4.758306601463901
-4.803579917187493
-4.709245977715647
-4.457528359255951
-4.663813038130053
-4.845438963017158
-5.361671667645541
-5.105434235756693
-4.862621046875265
-4.736333331509243
-4.764292052583824
-4.8507596504277934
-6.142591888633798
-4.9267284519943315
-4.8585312954674365
-4.768058529671012
-4.679033784961947
-4.5324420746585945
-4.80509459100496
-4.808450703672739
-4.64186514469353
-4.620122500601378
-4.471966326230773
-4.622130500816132
-4.777114672621401
-5.100820316130187
-4.945814950551525
-4.8857985802029225
-5.044308281519222
-4.831487548245349
-4.634277635867281
-4.5052152266870715
-4.54305713270501
-4.542466307801531
-5.028306049083794
-4.418164684105121
-4.524678410018476
-4.633947261639106
-4.733423199837162
-4.847755418309655
-4.864174930395028
-4.50233871533348
-5.878781928750302
-4.8282002215769495
-4.897040719502357
-4.397959586149455
-4.379622271286448
-4.383421508121329
-4.9491027919796124
-4.5296689279028595
-5.034971694915205
-4.931921957824522
-4.541386051387006
-4.561155412996545
-5.425974035191626
-4.315106562235779
-5.294237950169779
-4.808682073298346
-4.564033286421722
-4.358215089203854
-4.359353137386861
-4.724966077611492
-4.505619930359889
-4.657480094942128
-4.931337489611197
-4.9727009287625386
-5.666351835379455
-4.6510510752438945
-4.715723179856866
-5.517838553179333
-4.924936176470084
-7.1141170152390165
-4.620784851582832
-5.112847501985689
-4.705220787901085
-5.476154558712277
-4.779296192860708
-4.353922894004998
-4.443372740947679
-4.56474809148627
-4.863479088999078
-4.633774009988821
-4.515594606216227
-4.830835608660505
-4.714636427497697
-5.00723804947822
-4.910975008226288
-4.320019771550309
-4.735223195710875
-4.615357470104927
-4.687809285225015
-4.7213750938608
-4.458358129060837
-4.6480547512596155
-4.366022779989136
-5.30809408499945
-4.402429165689444
-4.74577297456086
-4.8338791718247816
-4.539524169914557
-4.846136142497755
-4.343845238618828
-4.70631796601752
-4.476053322738761
-4.5379579881645
-5.016304571503051
-4.337131748327025
-4.7537195168638675
-4.691807354264349
-4.545862772244582
-4.64449063348349
-4.905827667673428
-4.688570106525978
-4.784424090402991
-4.432567990798172
-4.819543728933027
-4.591171654834926
-4.585905302627451
-4.431815993450906
-4.528560016893115
-4.644333864151986
-9.811327491599766
-5.414350514484212
-4.667971396176129
-4.714477597151786
-4.4139305827319495
-4.7946518691408
-4.693685365765516
-4.8072607196574815
-4.850290491729961
-7.048362838139823
-4.638889147568644
-4.612841840176621
-4.768880948611665
-4.780974743064983
-5.656021089930157
-4.5691013472435875
-5.516604966202203
-4.4611383503387545
-4.502929263477286
-4.722267393384999
-4.389944444924494
-4.679621250991585
-4.337189023590495
-4.50877873465013
-5.114238467269092
-4.5928928782557765
-4.7427009996666145
-5.013404705296552
-4.716101626737841
-4.777574104015796
-4.561046843200673
-5.0596708367381185
-4.943819764617041
-4.980347679853193
-4.811387539588463
-4.758101300141979
-4.69838600245957
-4.480640865599984
-4.581841773608749
-4.730715235971243
-4.516269683015542
-4.465434416038725
-4.715420179715188
-4.348469951002962
-4.487931278423744
-4.558749949359292
-4.554201202923397
-4.867513528554186
-4.397457530769615
-4.48579257289481
-4.451789077859711
-4.579775965396129
-5.414527369852892
-5.838931568772424
-4.412793477001601
-4.748338245281092
-4.696496300379683
-4.445370101857093
-5.03787003024579
-4.711634809984664
-4.7901530060434
-5.039448921570184
-5.004117324602257
-4.818265470711915
-4.9439513992464645
-5.176033073379228
-4.650360198507621
-5.726612978941337
-4.596767391253131
-5.171250365710635
-4.505366778703799
-4.595841592931659
-4.995764787263529
-4.542775355921089
-4.60438486837096
-4.576565266180529
-4.262311498540084
-4.694282623366476
-4.738046472013824
-5.012839427702018
-4.432700771943941
-4.512969769639823
-4.359807663885574
-4.5862563425882446
-4.353167272238931
-4.858629336809892
-4.951295857289332
-4.739262867693523
-4.613438122943539
-4.430963232424616
-4.747962097284275
-4.369505153205435
-4.446737027409592
-4.409733981408145
-4.662286997633714
-9.195786025546347
-4.6119496533402184
-4.57327855210184
-4.586686994026089
-4.681645329693515
-4.377018980568292
-4.57528577253007
-4.606312088444844
-4.863209760923086
-4.502245251265381
-4.618638081101904
-4.590579921397199
-4.665634600049307
-4.758319362977808
-4.514033683867423
-5.176224390592314
-4.944790268305354
-4.454000896634469
-4.976945732892968
-4.522327627260937
-4.518661738315286
-4.38490182072159
-5.033305403323113
-4.313084986888324
-4.498567549425595
-6.502098756694857
-4.3485038716408955
-4.349813526699476
-4.463624025334422
-4.553977849129658
-12.189290851343774
-4.482823516908609
-4.593549051754762
-4.825047244230964
-4.645409522338711
-4.680516466312002
-4.684764122379324
-5.126935994355481
-4.713870848249925
-4.614949612792566
-5.895850734232638
-4.49213440336628
-6.774683340912834
-4.588550229369354
-4.619920527477399
-4.927644726432742
-4.833390032500089
-4.782196939615379
-4.911267442344866
-4.458969751922085
-4.62615615819158
-4.597428618726482
-4.522745386171064
-6.215727443108482
-4.641410265656242
-4.898520265599048
-4.4808011004703845
-4.516216446151274
-4.7102805444440845
-4.353015481492677
-4.589309059554229
-5.4299572645222485
-4.626296753286926
-4.377179472066316
-4.397481608575013
-4.89431701608136
-4.5361870863210445
-4.422097223837081
-5.723999583156494
-4.6179233432503555
-4.606256055887849
-4.364676821588688
-4.561770946840504
-4.552388160280172
-4.719882032631974
-4.482789538615993
-4.3958080813901805
-4.3057627049094105
-4.686173780393304
-4.367319314908178
-4.976324607543194
-4.724742131565889
-4.545778830536403
-4.469886912684461
-4.69243697569523
-5.133041524697356
-4.775384349591936
-4.390253282961894
-4.37060551470617
-4.55670696166035
-4.586061073929996
-4.95284759871302
-4.719377635812929
-4.422476704559738
-4.538194621638286
-4.661083809633041
-4.8234801364484206
-4.519870191817061
-4.758029733882382
-5.199904556443072
-4.478764882128995
-4.825956085667587
-4.829674855933606
-4.435783202983018
-4.689261346054482
-4.377975719248879
-4.487886108504976
-4.867598738256053
-4.6306269433603635
-4.945785558052518
-4.40223012948944
-4.779457915354374
-4.672451829839377
-4.675350267148307
-4.704286233731873
-4.468009300599347
-5.077319970859071
-4.398500281184321
-5.368772297179135
-4.461615456066466
-4.784155931001849
-4.610226939988432
-4.356959704094192
-4.496997366426309
-4.68325877415711
-4.239367427879111
-4.776771278246288
-4.587769335238409
-4.389637910803002
-4.599295940810504
-4.516885668649206
-4.2920799097646025
-4.394475834120976
-4.820637831264844
-4.680787450108515
-4.4104411619295005
-4.656238684536414
-4.333336361262354
-4.46935775789984
-4.513761329611447
-4.204538411222683
-4.658696539400999
-4.882105231933341
-4.5079974576884965
-4.546301627809657
-4.477517943525366
-4.519845244747067
-4.689890612742462
-4.457191880491147
-4.396722440418741
-5.125615679385863
-4.74388473908488
-4.605513402607974
-4.924438790373025
-4.469818294545241
-4.5945330342599515
-4.646335976438395
-4.594992564346624
-4.5204030967114255
-4.564656646400482
-4.6818427799619196
-4.517835795746405
-4.392362126199252
-4.453884602143819
-4.874183638669171
-4.431986881849806
-4.480810403642726
-7.813876147787877
-4.867475016722226
-4.544580400766904
-4.801882372927617
-4.322875580365728
-4.592849226850174
-4.728819611233295
-4.812192576991865
-4.596045967829735
-4.563504779388077
-4.440322671584717
-4.289694276925808
-4.250739535931753
-4.669549340133605
-4.5062397695866245
-5.086652094191038
-4.608968951568956
-5.069758765018241
-4.8558513200251685
-4.598317878348552
-4.492549661723882
-5.983098563362036
-4.264562668267747
-4.467396030628149
-4.796136820677011
-4.379613036603149
-4.321069168260379
-4.630731852838169
-4.4244489654023385
-4.423536720439657
-4.28571231501959
-4.564810205585786
-4.415028109703237
-4.421385088651892
-4.451927668495564
-4.619593107325902
-4.404204193084528
-4.555673869445682
-4.634811812487351
-4.280888090724156
-4.419925465327551
-4.546996911505127
-4.357151700076018
-4.790857107368276
-4.742590831347856
-5.044917563978103
-4.595059734714576
-4.977222962130267
-4.646639246423832
-4.431723283971288
-4.329824366346149
-4.701604093610283
-4.44494305692979
-4.756643988554589
-4.470992095523768
-4.768991574709098
-5.077769191735481
-4.512780496715156
-4.459519664149325
-4.598868898331568
-6.02291581819968
-4.497425168722995
-4.52605936540614
-4.3677731692815485
-4.663742452974796
-4.391676290347042
-4.283828708490025
-4.203554665875366
-4.322582206850442
-4.753048002191528
-5.0203329790952145
-4.422919394401703
-4.506428929605108
-4.8522798106486675
-4.406410606150106
-4.472752694977771
-4.426885130298459
-4.497897682231631
-4.550897613389482
-4.432974123820415
-4.348806595607662
-4.687954302988734
-4.540432859791927
-4.356356975229704
-4.2777170732403675
-4.627198839822845
-4.516355790731318
-4.700926689848809
-4.4536822793509225
-4.562294247501281
-4.346861487043749
-4.245692937646657
-4.344681267423501
-4.478071292561723
-4.483098074747826
-4.567407418476247
-4.411569516071916
-4.5649789565370265
-4.3898882229039184
-4.875226276680514
-4.479850173365438
-4.494685307344887
-5.514282425651515
-5.142312939652121
-4.420497426378257
-4.427064979607244
-4.572341995125399
-4.436070480297124
-4.337295913428188
-4.534779488772563
-5.118732926061913
-4.715116590780052
-4.520016921485707
-4.904805290066769
-4.358880355229247
-4.576834828063797
-4.5051718864089
-4.6890045669250116
-4.6907343435870175
-4.232419644931492
-4.376883957710211
-4.409770060088105
-4.404294492352286
-4.364152445391786
-4.399389589453322
-4.469186827261051
-4.334716669827005
-4.467350000459044
-4.8794136436301905
-4.474401540803716
-4.452338078840174
-4.374661342147335
-4.351271544453046
-4.377827066635483
-4.864511256241988
-4.584329850682989
-4.592593521366018
-4.775985188387854
-4.605751581699639
-4.240378918605431
-4.953803570288045
-4.960342462072486
-4.442000152897145
-4.65008378854417
-4.497307014536804
-4.438464702219857
-4.302697768398803
-5.210230239989483
-5.522649005193121
-4.937076061299334
-4.461598915374231
-4.282528436356008
-4.489000944820351
-4.347899463336748
-4.728764413613573
-4.629649186108943
-4.313321713942345
-4.6577265598780535
-4.475108965418631
-4.4594702181953325
-4.5426055379563595
-4.558978458618184
-4.625098423131539
-4.375414091190287
-4.386413378975495
-4.783324076768846
-4.421608993001109
-4.409576140146847
-4.823960939699769
-4.656696437322598
-4.636645694749122
-5.0415345945172785
-4.389584441040771
-4.2539294252047215
-4.615610374694174
-5.066452415082437
-4.354534272666922
-4.358493948079677
-9.778743092368684
-4.3170951550330114
-4.567294911349876
-4.21091460870512
-4.303346832893248
-4.67873700116825
-4.467523047064298
-4.558621280020331
-4.410224141115243
-4.441312614296205
-4.367500313975895
-4.553091920739221
-4.475421924451298
-4.486694655431618
-4.391216544993873
-5.094289934612801
-4.481701654234144
-4.2961224941971325
-4.447380289309705
-4.355224332031254
-4.476686597537044
-4.542269544858737
-4.494924513059552
-4.337618014222811
-4.50855267420019
-4.778609120352291
-4.355080641147517
-4.311876428584357
-4.506672353425807
-4.365748699283684
-4.585809049479864
-4.552315850349229
-4.465835478796328
-4.2886213004283675
-4.438629255053396
-4.2856780243636035
-4.5145193105615595
-4.452111098034972
-4.533573323730249
-4.3114235216190915
-4.464429587550368
-4.590325108075388
-4.440156983512709
-4.3520239619144965
-4.335293082541934
-4.558752732968856
-4.464157274364033
-4.255213149539573
-4.719960055243011
-4.288596923726144
-4.865801713397803
-4.770078853830003
-4.286901101684725
-4.319544233252792
-4.366685583226103
-4.283421089189816
-4.435507227332669
-4.461869728744649
-4.759903415448768
-4.571248513790692
-4.532788166805067
-4.481974482681047
-4.580446087269019
-4.4029141674535435
-4.760546187408241
-4.537908062983772
-4.390349886526228
-4.258202429615433
-4.394173558186285
-4.587173543379953
-4.6339701409735286
-4.509070766696009
-4.576912075555373
-4.2611273328500925
-4.486659440226752
-4.341555038722599
-4.682243223242247
-4.447778690301968
-4.351489966044096
-4.504936189644186
-4.421412191288125
-4.317738829247663
-4.286576563634254
-4.512149766718564
-4.320679674240747
-4.736075556777864
-4.550822151564605
-4.318717123228934
-4.298269879340442
-4.425289905011121
-4.516324227615604
-4.619295143229914
-4.364633574732436
-4.5830998316201255
-4.334897926571126
-4.530192833739768
-4.421890516416173
-4.66984689293821
-4.343212344136429
-4.303180589734417
-4.256044924256512
-4.470903698247372
-4.602546473466187
-4.5082036789149385
-4.314734017105399
-4.7137258585116895
-4.659547912110459
-4.338900851640502
-4.446615975849578
-4.420887020340073
-4.473993384276361
-4.3006709211238325
-4.411277815176297
-4.437017117336437
-4.493334236909607
-4.228791368977228
-4.504252396965845
-4.337356328986762
-4.278933593915677
-4.300302567777817
-4.610767168397568
-5.075100857869784
-4.208220116170197
-4.419176323629808
-4.669065909968259
-4.299395580463849
-4.2139311329382085
-4.326811543347375
-4.64749782118276
-4.466933846906582
-4.196035817113442
-5.857335182962205
-4.328383389566591
-4.392719422386442
-4.292128923169067
-5.330300521431264
-4.281122782862236
-4.379706512840957
-4.287567185711973
-4.24754060107133
-4.558298762680259
-4.493507048049427
-4.428666917415955
-4.308054195945181
-4.30495102516244
-4.878059141093399
-4.427046189357796
-4.2589711096670975
-4.419969302068363
-4.229431814078057
-4.732805622960442
-4.830937082236421
-4.571825169221694
-4.583074286241282
-4.316709287345975
-4.470451550091171
-4.507628766602595
-5.350234431125209
-4.188199981331166
-4.293788012730795
-4.269205142468369
-4.2000812153408855
-4.439531905620738
-4.539638644713956
-4.218145982086359
-4.2913225262208945
-4.248689306342588
-4.328640909503404
-4.961401668550626
-4.512688953496464
-4.3073590382332005
-4.354233103584794
-4.335782560816853
-4.568159125066318
-4.481599378145267
-4.294896240952519
-4.235346421025978
-4.381004119691695
-5.654564235279319
-4.483746195929235
-4.360613874772149
-4.695003277116597
-4.498108368599531
-4.382109106849827
-4.666215477531444
-4.2168956102408455
-4.212305296099659
-4.699064032409988
-4.633368047742118
-4.410759465055174
-4.429368111329488
-4.754409127418211
-4.358795115588153
-4.492175691007011
-4.703240125417039
-4.572481253497822
-4.5037361720051
-4.425855960966199
-7.056428677479434
-5.710477338294513
-4.391078871757377
-4.5075258447137285
-4.304918180428028
-4.372325324821092
-4.749149554569892
-4.426491089173098
-4.928915762319095
-4.404186809880399
-4.791470750195923
-4.72415492714654
-4.350260712983327
-4.1967075100075855
-4.5226096399129085
-4.696464359718811
-4.29974193735286
-4.355802701462759
-4.595230234646662
-4.253186584924132
-4.3991273614786435
-4.186754143889682
-7.212551015415716
-4.570293309792102
-4.418047500761711
-4.240313998640715
-4.376680661919491
-4.480846919470483
-4.298540776073518
-4.452146533342238
-4.418417664178203
-4.484514054713321
-4.424593766740853
-4.259444823960438
-4.273315138081723
-4.682460572026492
-4.472672539031121
-4.663472290965936
-4.345276270506562
-4.128197380690505
-4.274893183856864
-4.506873794784412
-4.487076838193083
-4.317082993198449
-4.4120874505689915
-4.405923415855108
-4.301469983055506
-4.43863823538679
-4.692879033729999
-4.323119216256098
-4.758282224369512
-4.761614782208884
-4.260005969622632
-4.318985711008952
-4.480947023262478
-4.396360918081923
-4.425679268145207
-4.41804441294694
-4.324661268848541
-4.37521688322463
-4.789667485749285
-4.243384805581422
-24.246244979882796
-4.442956069322073
-4.478500326181148
-4.6420233393601515
-4.426397743159293
-5.646171417843609
-4.362456772862354
-4.462344504987187
-4.379614724870325
-4.307113653927184
-4.520480834771734
-4.395837912580482
-4.273000289092468
-4.34254342845542
-4.314979638172255
-4.719534999145581
-4.299985451188696
-4.545140052737233
-4.541156464108722
-4.366298749171839
-4.319460942812281
-4.495715562390495
-4.311033271908106
-4.631545980785169
-4.461731277433334
-4.285600717967893
-4.442618703556112
-4.437674650922119
-4.495692523597469
-4.354530732027812
-4.7046199061832725
-4.415122430888432
-4.293775511213488
-4.435580225102044
-4.550055775499487
-4.450949123066367
-4.250375350403629
-4.641613214575732
-4.722272772061006
-4.42355432949352
-4.514804032104588
-4.323708472127623
-4.458059304771993
-4.527931228002989
-5.2881003520970795
-4.430274192252908
-4.569151878841869
-4.331359906052251
-4.26321737326016
-4.289403133367695
-4.421202639044618
-4.349572052692575
-4.386265183105557
-4.217148740620131
-4.945788509911466
-4.27895349228527
-4.414888316027321
-4.493978569705201
-4.298812801910386
-5.284823111434985
-4.625545209629637
-4.560452476472684
-4.554408085627356
-4.252796027863977
-4.538752224316339
-4.71915263282948
-4.303318742219744
-4.4224607735456285
-4.417572522702576
-4.503262178362841
-4.393347079756441
-4.428254173181781
-4.706809736174946
-4.333450374065549
-4.322868839172216
-4.275601909135565
-4.303518715106759
-4.327837489851068
-4.767934792966499
-4.178538530277102
-4.334012904225685
-4.220228282946662
-4.310813843313292
-4.357607606325774
-4.33275271294105
-4.506180412443956
-4.438798982314518
-4.509268611897487
-4.923627543588249
-4.550022144989557
-4.259987622654846
-4.325527682356792
-4.354827180610617
-4.495656824950462
-4.556864315050657
-4.264910539331812
-4.523179701332376
-4.434833809750239
-4.298412984186494
-4.284239528222513
-4.290264950659864
-4.359890826627172
-4.3033558550955595
-4.603428066474892
-4.402220712257408
-4.6819686233159175
-4.45758945636394
-4.246379421375775
-4.61269569676816
-4.386431106566891
-4.564341415291477
-4.325384266554722
-4.308451634545283
-4.517073597425068
-4.524649665884648
-4.3133924101050765
-4.373632959425814
-4.468691691092856
-4.690333980340866
-4.53300823113255
-4.581478798033536
-4.429269298064767
-4.581902654023442
-4.529059462204744
-4.419100164339092
-4.310868286894148
-4.961474636145869
-4.316948897630003
-4.584834013229591
-4.275189979722452
-4.732264262565723
-4.301601766292626
-4.40414982896367
-4.653176917255448
-4.377383142647793
-4.569997451452893
-9.659538869406378
-4.5084961119454725
-4.398912590025332
-4.400229975963335
-4.391216332213796
-5.090572757986606
-4.387002644367976
-4.745877222030783
-4.39554617987774
-4.739993080639128
-4.2608470546623325
-4.398653042500944
-4.571098158988644
-4.2748268330662205
-4.8347812163657755
-4.362496083698326
-4.3638934229922866
-4.598188388824429
-4.210709260144199
-4.455216899180418
-4.48435768825791
-4.595044433834393
-4.299935589020619
-4.785089772083354
-4.527228127877763
-4.4724422737447975
-4.498261775234498
-4.776789881959538
-4.450205996014023
-4.814399062721953
-4.482425467804578
-4.432563389403555
-4.349625243530714
-4.417084928513875
-4.324180943234568
-4.636280031048272
-4.58005658915814
-4.369586011995215
-4.2981013993915385
-4.418243264022921
-5.741486469985686
-4.754784509074331
-4.471652228604857
-4.36011864002256
-4.256148117470535
-4.727814743130566
-4.87159358742669
-4.609759079371394
-4.612423511756343
-4.351853691337267
-4.312530628138229
-4.644884190192982
-4.272729622786133
-4.331955816558515
-4.267810669347301
-4.44226907592733
-4.437143079901102
-4.290473614895446
-4.303981229246263
-4.594236715895176
-4.336722928666267
-4.802000537244823
-4.860203098187013
-4.394814564592469
-4.400642289793711
-4.320316411144094
-4.505661622116035
-4.306677134887328
-4.451483522323173
-4.2317106403204185
-4.349545273555511
-4.286527278214723
-4.2756714258315665
-4.785010462119346
-4.860357011809124
-4.480181584204896
-4.594148674488433
-4.24667635079761
-4.474393320651965
-4.283003489921212
-4.438301384558182
-4.942991302190161
-4.2669323975538465
-4.6302929712706185
-4.352249307044658
-4.480109683004965
-4.455471355503648
-4.227077863156934
-4.343436242061497
-4.27222957482105
-4.709918179596533
-4.717231473722566
-4.32411750696278
-4.344792336576274
-4.306315108489049
-4.376055511771543
-4.428946333156835
-4.3805834288052665
-4.326172679174995
-4.712152789103187
-4.412254651122367
-4.68876020117591
-4.30080047856369
-4.397231004155965
-4.270383105765646
-4.454771437011348
-4.324405542383264
-4.2104756819033735
-4.29842219749134
-4.313420753220296
-4.324490301956467
-4.794548899570765
-4.220836165999539
-4.3765412867160665
-4.205917763862952
-4.6697972416817075
-4.239084546236232
-4.157131108033644
-4.195598023919259
-4.313657170504474
-4.263246024035089
-4.2787137496652505
-4.311115195271188
-4.284974625201325
-4.54040228375139
-4.5814684942623805
-4.333949078593069
-4.32191989815758
-4.339889228571313
-4.659676388451169
-4.438363754866224
-4.252130206516713
-4.312580788461298
-4.270720321750154
-4.286020247515241
-4.660598291324143
-4.472680025917569
-4.340857203093704
-5.1598760298203805
-4.304619666669172
-4.741561043832593
-4.386311932770935
-4.312343258616482
-5.550487087875507
-4.179111068842914
-4.617848297699228
-4.3838810404239235
-4.468670842625543
-4.411953164926861
-4.5599959647401755
-4.566068190769852
-4.577385120682909
-4.342525702161169
-4.531713216678883
-4.567385461059964
-4.223836680359988
-4.204074973673816
-4.252317556889734
-4.2714253796198935
-5.357558474769016
-4.330629208212582
-4.249597837236189
-4.249688322553204
-4.646352310521486
-4.334485143385424
-4.314656687459987
-4.387394352491725
-4.315507191737008
-4.262827530793038
-4.703545420965046
-4.273373556512535
-4.527898451048686
-4.327396528520879
-4.3553427274799885
-4.361041940179858
-4.278368874178626
-4.315037150033634
-4.205881638656158
-4.365593907236072
-4.597505363026931
-4.367897723621132
-4.26033401259029
-4.441011225774418
-4.409587069201306
-4.276420733612417
-4.706829841543531
-4.684803367537991
-4.3198335631058065
-4.33522553284493
-4.487428384983332
-4.475909518717867
-4.358180331093958
-4.302770185069208
-4.39271547541011
-7.234223656557137
-4.449754564402192
-4.2480516413190275
-4.26243594259793
-4.395226868565218
-4.293093490203618
-4.211697173824439
-4.404327370676135
-4.466290393387205
-4.637546822981176
-4.326691362175012
-4.517879743534201
-4.593432225344495
-4.461224417352896
-4.719471774945277
-4.465490349885277
-4.367308685256626
-4.489570674475981
-4.323856904755397
-4.526088196679498
-4.331156267168547
-4.267693876960995
-4.229807261967665
-7.005268009197741
-4.3737882711753135
-4.485348658739619
-4.302201827005805
-4.341540095875706
-4.852715097713894
-4.431912647119163
-4.354935349382466
-4.308449651050772
-4.286769828238085
-4.431026587914149
-4.228229531674254
-4.4321727733187135
-4.3770236607715995
-4.51860116766292
-4.32603580552242
-4.416779823692866
-4.3037085501637975
-4.370972633850563
-4.305280342183413
-4.466428883554249
-4.390199474087793
-4.3434373651819165
-4.575570254565901
-4.576408159092153
-4.232104306469365
-4.179962634509704
-4.179937549627896
-4.314171279715774
-4.46726969388329
-4.2334738360442845
-4.249005756427575
-4.343265409074302
-4.6057465963597215
-4.256615129599094
-4.2591379599436765
-4.4141718229557085
-4.416942544839227
-4.239486691400518
-4.514424065575482
-4.286317208191137
-4.219065710763727
-4.424325677983449
-4.1993399581267665
-4.313464887676049
-4.468429101115222
-4.599792382248105
-4.65985224432844
-4.553503168178298
-4.429724630089644
-4.393238282190962
-4.169148529485145
-4.270906009630871
-4.276323732329153
-4.364646467549757
-4.229479098979968
-4.408288762739332
-4.765073851325431
-4.2734561449354365
-4.216696601880505
-4.485592247435082
-4.236620710038865
-4.351957655695295
-4.69239314236786
-4.526683333714096
-4.396726944788377
-4.3998390607565785
-4.38135235693411
-4.4239376769382055
-4.458339736562276
-4.21658795866083
-4.3511503200711
-4.30697188016668
-4.286960465513239
-4.561023797505885
-4.369292673381305
-4.361930768918679
-4.366534224936635
-4.356137780932791
-4.2941599245135205
-4.237000083100561
-4.266702871404508
-4.345640229182033
-4.367642530259749
-4.275316874958865
-4.335361238658949
-4.293010450393742
-5.122033443650854
-4.347195026603875
-4.500606223398318
-4.271934412000815
-4.387080118185683
-4.446053199451342
-4.11909217660218
-4.3900709326306275
-4.358755090450019
-4.328017921386457
-4.232177701532954
-4.302026955208778
-4.371281354193847
-4.465448386172498
-4.315163669375233
-4.3310252580889745
-4.420733756026193
-4.430007917668045
-4.292345129623918
-4.196586751199592
-4.580395409209593
-4.24414055166345
-4.304001499920942
-4.328932043094128
-4.434485074002055
-4.337790879286218
-4.354614066179992
-4.613493314499158
-4.564713700540494
-4.472347085812052
-4.254505530742056
-5.476889558746259
-5.369994827235894
-4.23541118169574
-4.287142817241773
-4.271137928754475
-4.26388421947341
-4.277803603879962
-4.350613370034254
-4.80408560753137
-4.451600186759481
-4.389838939759838
-4.21830201555161
-4.350293928201742
-4.3028246287239735
-4.5426299731459405
-4.273328310796797
-4.34315422167841
-4.293666216801397
-4.1587103164026775
-4.323003528604843
-4.25184675393593
-4.161463295124599
-4.381681685363594
-4.690435062419912
-7.108127637904954
-4.225313950027823
-4.285666400706452
-4.279005601204934
-4.606553970689271
-4.3605640385391045
-4.582115638278576
-4.4328849935166765
-4.346631403911496
-4.2953420405166245
-4.478168704800434
-4.231314702748221
-4.754337497392131
-4.310374655367448
-4.4039545688540915
-4.316845344157626
-4.248980046865034
-4.23316353224196
-4.362180603122677
-4.221564609956929
-4.395536850496023
-4.36490438919674
-4.235732100835349
-4.290357976891186
-4.3955009883644145
-4.274644577373604
-4.369356400859426
-4.378173310932974
-4.338642340678007
-4.706347201964622
-4.873299597021217
-4.396380176342012
-4.318006521678171
-4.280682084375872
-4.394731457499629
-4.4419212360931155
-4.620692772591468
-4.2652209385215265
-4.272035375028593
-4.230380412246958
-4.315459868393815
-4.394527894045242
-4.433307804365703
-4.481920197928653
-4.584705447057629
-4.394005945903778
-4.26890052582292
-4.254804335869252
-4.26737886125558
-4.365139145774367
-4.343855887144455
-4.444339749649348
-4.538813334571215
-4.392543457439788
-4.360617498331504
-4.447655205888077
-4.266801480762934
-4.573551411052256
-4.387997734060281
-4.323212524416397
-4.250459850258643
-4.338459037753498
-4.312252289608097
-4.379869083254272
-4.234910386239262
-4.6318322878708456
-4.247515873747629
-4.331446168300611
-4.835009205779242
-4.236044799672042
-4.205902426102279
-4.265755370035362
-4.294955840957556
-4.257626007124496
-4.5085895761887915
-4.516043029956214
-4.205199669620919
-4.277375929278552
-4.335412084625962
-4.427370847350353
-4.291526345172057
-4.3596188350241105
-4.319660882951232
-4.26284014820856
-4.262628185760047
-4.442006814829227
-4.428491048052408
-4.288762759971139
-4.287435998556264
-4.43061627668866
-4.344684523429159
-4.403665612487889
-4.4940152865286676
-4.37885121258804
-4.1307789220464395
-4.43421739953765
-5.141557044549255
-4.6434368373839074
-4.318146615024902
-4.56194660781142
-4.2563249749096785
-4.2265233510329105
-4.467669303290493
-4.216879668941821
-4.503049522267609
-4.329530798129494
-4.2467243731208075
-4.302514228847395
-4.617377615985915
-4.27136953616752
-4.572847860864206
-4.543925428275158
-4.488609398984616
-4.262707080068249
-4.940729986324764
-4.329803425248348
-4.189565377369901
-4.1767606354348406
-4.24713293492975
-4.758039419590157
-4.386677626005513
-4.36415435972397
-4.3089264910211185
-4.309734015912605
-4.312693306271743
-4.342397182830211
-4.323581629907
-4.323852167834697
-4.129378168500029
-4.329838625970289
-4.389438482192751
-4.280741055610976
-4.50215224553888
-4.263252746448363
-4.258911797340087
-4.472284222771001
-4.382618840260397
-4.274076926877324
-4.499475559144268
-4.468138084993938
-4.395390910890986
-4.353279753542608
-4.719909706770789
-4.237123622955002
-4.2996353981529145
-4.343510962838885
-4.768372058870568
-4.430680779044882
-4.3219232237552525
-4.299617609471752
-12.243124416510462
-4.245942256666865
-4.203562942332355
-4.48975825775576
-4.356236795549353
-4.5542948757296395
-4.223541184214187
-4.235534645299094
-4.249374876922068
-4.26813036495264
-4.254711959846309
-4.4734246156747375
-4.464577263514707
-4.31093764452374
-4.1909182622539545
-4.294128582214872
-4.185139106261173
-4.188450629710924
-4.229427312214051
-4.230280914246419
-4.30393051095467
-4.360985985440092
-4.208733802383167
-4.471778519308692
-4.551423156840144
-4.4468736974389245
-4.369117457012359
-4.271473835496489
-4.408675070358392
-4.313125545884504
-4.334783889617992
-4.620546903470246
-4.293138067753924
-4.344759467164753
-4.296653548974552
-4.505164880311113
-4.378952279653749
-4.432531122999184
-4.273880422320962
-4.300340556785143
-4.258578701163801
-4.2681106021998625
-4.292863679325999
-4.227420544017346
-4.483538126005257
-4.563392339345601
-4.363284354040614
-5.42889889231863
-4.191108746769934
-4.469428544317659
-4.396701246414802
-4.520167702734513
-4.396897876192772
-5.445648738842298
-4.207889320807365
-4.2473173096329235
-4.297010463685982
-4.257298413640275
-4.314407739522935
-4.483772615943053
-4.187536050106196
-4.253536248014982
-4.343325346868149
-4.26562952602531
-4.708654246597871
-4.511163444446399
-4.32509120802675
-4.198454112556434
-4.306572533881812
-4.350466288692257
-4.3597659805631634
-4.268330095827591
-4.34644824649897
-4.486940081367932
-4.395214344193754
-4.228903210458797
-4.205004956324623
-4.244322838015683
-4.3932320764835815
-4.342827519710136
-4.3676214344446995
-4.239619948997264
-4.263086834424048
-4.28976934724913
-4.326349644638099
-4.396159659034175
-4.245260080151064
-4.398260808562541
-4.149063891749965
-4.354080493198113
-4.39353679500102
-4.2106125935186665
-4.435120284964276
-4.311919966702676
-4.370990495460142
-4.471262705551586
-4.693588269028677
-4.362605034051135
-4.289495122949657
-4.208080748344732
-4.228964355527816
-4.183048830107304
-4.3542170009664165
-4.401729195650932
-4.366048026979117
-4.675046568692159
-4.243357007070381
-4.239532199391496
-4.419729646574979
-4.5197480810050585
-4.19737634596928
-4.550018769417312
-4.436919845132557
-4.363736191294632
-4.231925251760278
-4.2742380160278355
-4.492955669028219
-4.324756310240528
-4.464149820454517
-5.396447930801768
-4.24754213356322
-4.644416559008668
-4.164330231919874
-4.292262232928704
-4.318453842632312
-4.322223963141356
-4.383716775825645
-4.339351744157179
-4.291319020758097
-4.320683546494542
-4.295923546172105
-4.428752747376091
-4.241477402892833
-4.435350950039444
-4.27293055393905
-4.234071082500596
-4.29172427139043
-4.22220723563447
-4.25321809967185
-4.24379746547329
-4.617249172999186
-4.472282309021102
-4.30485067169407
-4.462671690578708
-4.626778291498425
-4.388744906981457
-4.27850583509146
-4.428272925565713
-4.272749954273843
-4.354728531177558
-4.308354570858973
-4.479418008405193
-4.319396113942894
-4.08883826394163
-4.55575454641617
-4.260365284333006
-4.4553962539150485
-10.3226443029238
-4.285493390549789
-4.28692394506101
-4.383855609506185
-4.439161148050542
-4.273521896864539
-4.400202764670371
-4.3082510628360415
-4.4543746629643834
-4.35240599341604
-4.430463727084289
-4.365039532878529
-4.431885110656584
-4.309682999746725
-4.249531185618696
-4.227611500319591
-4.191710675483298
-4.323029060822708
-4.285039836317436
-4.315353905568724
-4.3266635040826875
-4.149577187675099
-4.491162503845228
-4.371541786599424
-4.302356386623183
-4.2238987342970535
-4.374004794783063
-4.3692965790731035
-4.380195351358875
-4.494211653374258
-4.436717380395819
-4.354782813335263
-4.326883808993359
-4.232774222983978
-4.28244556570123
-4.236130560387558
-4.316516109473799
-4.209470051181201
-4.510958761350758
-4.313054673710653
-4.232286599233264
-4.3396179600724185
-4.376211043273801
-4.471478359639742
-4.244560000915625
-4.2904836210200905
-4.197499789953137
-4.245552700173078
-4.287596498496401
-4.217812372695818
-4.300140529459908
-4.301231502739409
-4.239982857393327
-4.371375122481311
-5.919035030031908
-4.467723467088138
-4.290857975523874
-4.372970314391143
-4.29636806881955
-4.379862598963309
-4.199108446993401
-4.367408237219823
-4.299552943587003
-4.463550072723631
-4.2477540439549335
-4.264539105015703
-4.441741398384031
-4.485530881729036
-4.318307864081598
-4.3492158137688035
-4.222720348771423
-4.222774844729302
-4.272738689770342
-4.222095881797057
-4.22804648774164
-4.726636178628878
-4.544635680379753
-4.79135073658332
-4.271528646048279
-4.213617887091193
-4.301467957885985
-4.395013629278078
-4.288683178852172
-4.405063597782772
-4.26747893804738
-4.3028346792279875
-4.354409660255128
-4.6046514563159135
-4.485281954662079
-4.37232419215687
-4.257957037346527
-4.579987598466871
-4.540599805954091
-4.393490329356121
-4.3598475228230145
-4.209242332417526
-4.178457715645499
-4.279328816410853
-4.338590455692253
-4.36741646988858
-4.264753760080823
-4.319029754159062
-4.2737897320460085
-4.22349431939938
-4.223557130653163
-4.503026445722265
-4.357943203506866
-4.21629939894972
-4.328310736334036
-5.6780440345291865
-4.221099374829212
-4.541831430218645
-4.404661495325074
-4.24438855731653
-4.206351327479873
-4.279175834347144
-4.441360890713536
-4.164282132683072
-4.243701559550333
-4.294938434731163
-4.226695418179699
-4.222754156430243
-4.222089471142891
-4.2414248412746955
-4.215837747851133
-4.328386593008795
-4.256628443637836
-4.359223503858806
-4.200781084938836
-4.2072384377904255
-4.212744794276444
-4.322003069921807
-4.241312045478448
-4.2396588037367495
-4.62705926765949
-4.336867146569959
-4.382217976220119
-4.512872947947219
-4.268600190087182
-4.35644671989648
-4.367981323631262
-4.376621046911583
-4.241182830643736
-4.464776667399724
-4.913759916376956
-6.336714813525774
-4.269031641980097
-4.266890704109461
-4.328504723414146
-4.604172904672265
-4.400536372503426
-4.217864632692119
-15.375368134589735
-4.242356302781929
-4.413659959458704
-4.32712905357879
-4.720832868371973
-4.310798914277984
-4.364728897160251
-4.488912611437634
-4.2260850790462205
-4.241605219335222
-4.627359937159776
-4.303190349847596
-4.2466927015206295
-4.4360912007487565
-4.279302921682634
-4.272409816590701
-4.28672567223652
-4.4441343273101195
-4.383207994532543
-4.252249498858708
-4.32678427325131
-5.549431526487472
-4.713804111101157
-4.45547382061066
-5.787167127777889
-4.312808129370593
-4.368832701616475
-5.2068334233746425
-4.242724477853005
-4.264442296137942
-4.474355870994121
-4.27822525604856
-4.266230909895188
-4.274451986846811
-4.555319047025705
-4.432861211304941
-4.30418719384346
-4.4346131123545005
-5.275853096018591
-4.302449332320535
-4.239113818982647
-4.203180229181303
-4.458191803883463
-4.429516356611674
-4.273369875138034
-4.24358523571373
-4.468019979227537
-4.452588931899869
-4.282472438018856
-4.206134338922471
-4.384214646754951
-4.530748262640908
-4.277323242263778
-4.249580162515668
-4.248638610691497
-4.42869818782763
-4.216247191241834
-4.380863603277936
-4.219390541587026
-4.394582290170799
-4.336545527317303
-4.221602926290172
-4.464504044019036
-4.8917337195451465
-4.256160716402981
-4.240806729604388
-4.594004648484218
-4.2927738105910445
-4.4006227214249645
-4.474590312088567
-11.902363777469521
-4.389917064896981
-4.313336394560675
-4.325795804533131
-4.366758762508314
-4.493157698846192
-4.3172752503379
-4.425345532848857
-4.260538854520096
-4.271049621730905
-4.485428041611134
-4.795977442969906
-4.355716906509993
-4.2836644177598915
-4.3678411088184586
-4.257171482012345
-4.251326278673088
-4.256093928530533
-4.501777981547727
-4.364612916976835
-4.211973783999615
-4.384063296510724
-4.370524064565704
-4.287152486795819
-4.219993228984237
-4.624576440542719
-4.29147494059109
-4.225998999644386
-4.258515270179309
-4.265309772288647
-4.247862440588774
-4.256773326285263
-4.305423682516304
-4.569104221724424
-4.336897499591856
-4.645066303273283
-4.54784061087836
-4.496061011348197
-4.174292175671325
-4.193232023177141
-4.267137222804697
-4.310050366517401
-4.32817984848547
-4.232143318169845
-4.267459906561116
-4.457185335886742
-4.3184201478492685
-4.297751274582474
-4.216464537925667
-4.26203257394805
-4.308617576311012
-4.812887316372793
-4.321266743527947
-4.295929538986623
-4.543740344940798
-4.236814228273448
-4.508351806522276
-4.413029487651665
-4.499684289534124
-4.264669438761747
-4.284851946993035
-4.703254879685175
-4.303296355073477
-4.243187439666794
-4.231534592969666
-5.119403523769772
-4.230296905041788
-4.48222484999847
-4.289333933520602
-4.2933159106984204
-4.3821448044897995
-4.2266205353740816
-4.47129558126106
-4.279096797318837
-4.2433235572130155
-4.594779715770169
-4.256961875164973
-4.371513378951728
-4.27753921992396
-4.217960557981481
-4.356469082277055
-4.212976479732418
-4.289158163818539
-4.265166529686747
-4.249611550588038
-4.513272343575672
-4.21797348764199
-4.186687150819018
-4.283694273681769
-4.190222152476653
-4.5845827553703264
-4.287528396513265
-4.2240153872652915
-4.337275906273142
-4.255015241988714
-4.30935568744112
-4.321841992253953
-4.274581219244516
-4.162382576912767
-4.430860656498423
-4.287499515641633
-4.269775308624785
-4.425012027690455
-4.589887824555022
-4.238962684950856
-4.400619046143115
-4.213144515638243
-4.242110792427541
-4.169437172974523
-4.343177713376722
-4.455055155475943
-4.219447607227466
-4.285735753894935
-4.294948926131601
-4.282126016202821
-4.22941788035603
-4.590581084001682
-4.282378249532913
-4.332221843414233
-4.301217204466314
-4.328315550880598
-4.768452128853445
-4.1987893774182625
-4.493825783280952
-4.372634684345726
-4.428617597932798
-4.827265300794188
-4.63687022573726
-4.226246677425921
-4.346985144001511
-4.233190784108709
-4.38944575762416
-4.25967584151152
-4.2640974369336835
-4.552733606257337
-4.46113779600038
-4.3304671523686205
-4.237413982695277
-4.271168273338638
-4.492405662696453
-4.1557637945436765
-4.295593717770999
-4.29439497414079
-4.2131403916225185
-4.2479514405484435
-4.377966821778694
-4.303254834408641
-4.2090347477131385
-4.288727161663483
-4.211373567332399
-4.562436717292619
-4.286474531843583
-4.363388033176825
-4.239229088571924
-4.267919421024065
-4.226458026726803
-4.225537209168141
-4.778124232227589
-4.2839564322144685
-4.371507379533918
-4.253315439156917
-4.350283104780024
-4.149482430271549
-4.285073939290174
-4.280413475734162
-4.625985757516275
-5.088130803995909
-4.1695109720222305
-4.234533102931485
-4.5410927965745795
-4.33043653823039
-4.379417502055783
-4.333270128928172
-4.224664924710874
-4.492767604372104
-4.307542064203415
-4.248445289462018
-4.245100117084707
-4.25175522443476
-4.558064654914223
-4.257405989404854
-4.32822182416281
-4.222707148577664
-4.367637227962821
-4.2113399154168745
-4.237374183895101
-4.391482310937816
-4.460383414232729
-4.361756465225111
-4.200803860287948
-4.284122097565701
-4.206401887929308
-4.356328883265188
-4.3066967914669165
-4.211528381977885
-4.32305652069456
-4.212489519910224
-4.202337603747381
-4.2614845306661335
-4.390271582880368
-4.257934104871497
-4.361427079140197
-4.229906898238727
-4.191088827358775
-4.261322443606054
-4.31101237634137
-4.296868548009758
-4.331828446423154
-4.396508636563172
-4.26748901396084
-4.26463675763468
-4.31966781957188
-4.689580461968516
-4.254918896492184
-4.2248602182415285
-4.428979359966368
-4.245307561828988
-4.26968848565287
-4.3314572452760585
-4.227601216148753
-4.276730056872997
-4.29869417052726
-4.224963172500445
-4.334124208947293
-4.247282413797998
-4.733889610593669
-4.2485389247307195
-4.142477444678891
-4.311443360059655
-4.23632533050611
-4.188712885739543
-4.3550817934431345
-4.323713492207766
-4.188603912152333
-4.150149431395118
-4.301962910403682
-4.389590879123492
-4.254146423589998
-4.218414040059638
-4.296950946897398
-4.302549859348449
-4.221004984979981
-4.287791504463061
-4.260789042841128
-4.345089950087237
-4.245167535348322
-4.21992682551008
-4.136706485435606
-4.227049953983872
-4.450382250683914
-4.284692467791838
-4.291096785377247
-4.239453871587243
-4.281646282138328
-4.257215044117549
-4.356734571025594
-4.29864241232795
-4.790766089742317
-4.257129147155676
-4.174044892437265
-5.234211069543483
-4.277271375666924
-4.225334456132518
-4.336274979783816
-4.531062359162945
-4.361728427527825
-4.462791361962065
-4.3241868417830185
-4.342442563445343
-4.319907766517523
-4.220855221844567
-4.278789375967506
-4.293070846877042
-4.323303624506492
-4.6176170972098225
-4.294806123337703
-4.32468046396002
-4.2255114126388404
-4.243610997962441
-4.346948312378209
-4.419389468546481
-4.17964398991909
-4.252527419805443
-4.275894667767137
-4.415453465626855
-4.429373316481015
-4.4373427679407405
-4.29857641287022
-4.3785151925999015
-4.346777018044649
-4.25287100091191
-4.317094965461916
-4.52088542870725
-4.214455998099864
-4.456126136113987
-4.247057850219692
-4.186717903934245
-4.2558794169769305
-4.397773650695766
-4.236164744466917
-4.210986144902748
-4.224525343950872
-4.32798187066879
-4.245317058269633
-4.361179372151454
-4.317895708187672
-4.304309691270115
-4.206980387153319
-4.699497235459406
-4.210604739116642
-4.198804844675584
-4.560089517348646
-4.267664252294632
-4.18528317650799
-4.289458278408266
-4.194181515283881
-4.235784772785427
-4.296514406358927
-4.228042812419129
-4.430785681993039
-4.294421288250365
-4.313233439521488
-4.284100079396981
-4.179954131350497
-4.340329698500451
-4.20926369154969
-4.4554597262750795
-4.309709478323171
-4.321358764985034
-4.266291724933287
-4.443497672200831
-4.2406480177273
-4.170361626633806
-4.1610005175621145
-4.374690546657541
-4.38156813257952
-4.392507081628737
-4.2244705092811055
-4.21180653718628
-4.388775989189127
-4.368442413834601
-4.386075301810604
-4.251763413391847
-4.294806114970292
-4.444986316876623
-4.2193440289003
-4.201834744402394
-4.249099977346562
-4.23083847009714
-4.5513879983112355
-4.223439248769392
-4.66854339479118
-4.434498179389859
-4.234490307755754
-4.253443021648133
-4.406394403777531
-4.09899643978254
-4.242641679793592
-4.372223454944961
-4.677985280156006
-4.296649943684423
-4.354044170683913
-5.596823231362987
-4.374858218368664
-4.187405168972644
-4.350004629470719
-4.317122969423247
-4.2408419273541185
-4.2949974287797374
-4.403627807361892
-4.353852451487801
-4.245723166792485
-4.2369779452729155
-4.225200060414598
-4.234024392121378
-4.3199141333408475
-4.14775988011272
-4.433145839658641
-4.243602711953446
-4.320398013079822
-4.229291077936851
-4.249179171519544
-4.20249477993526
-4.168651152682407
-4.3587730507896705
-4.43974383639921
-4.298884134509629
-4.248105048261573
-4.393102318668931
-4.166992882597783
-4.292077642534641
-4.206968363038178
-4.308265993556312
-4.271943309637997
-4.491861065133874
-4.193648585000182
-4.9659997653494505
-4.2759733643398405
-4.690898239016402
-4.138601080818056
-4.3906366008287
-4.31406875645573
-4.262778891296685
-4.2865752668120605
-4.631987969557409
-4.406717104995523
-4.253667466946341
-4.314948944314084
-4.171134556180526
-4.203378016374327
-4.6855357456475915
-4.3012499401329904
-4.281375736109038
-4.2614013896899605
-4.307989441335995
-4.795786374152837
-4.202034431242947
-4.289699240240653
-4.249389062462764
-4.411400912099842
-4.335767926371979
-4.187002508238643
-4.3364013910359445
-4.162374125564555
-4.41591502417857
-4.171265717610639
-6.867614676679203
-4.367621611333445
-4.374918230683902
-4.504446516486179
-4.387113450486955
-4.231381020245213
-4.274035354114623
-4.245026104011574
-4.333851186016217
-4.266055939199924
-4.150417910571039
-4.397779103251033
-4.159660870740249
-4.246644832537274
-4.268288566849588
-4.2590345262714635
-4.196932947906474
-4.350882500699298
-4.373275873101654
-4.323515456791866
-4.45238517122039
-4.287836319175228
-4.212389453907931
-4.381193553414943
-4.235173438749656
-4.388985343956544
-4.145925733728077
-4.365524946348393
-4.296767114122645
-4.3210852299104
-4.291166037623398
-4.2213266476847195
-4.205049084701938
-4.416282894989655
-4.529713646848233
-4.120630305457127
-4.301377011235094
-4.187521503205085
-4.331218074371167
-4.365038660114635
-4.2646880602502435
-4.30036979740787
-4.428583327428823
-4.222825751076951
-4.358474998844044
-4.2890566511366695
-4.2463613744309034
-4.274466042546238
-4.245232712814308
-4.267069776903675
-4.306952480718623
-4.511611627559533
-4.245061867593969
-4.169313903333014
-4.216178374445046
-4.348637500799315
-4.28652275072105
-4.277764724159984
-5.003198038048647
-4.199353544437209
-4.551091497955868
-4.1896030200008205
-4.512032313089865
-4.239372778592726
-4.124865664613409
-4.215986162087023
-4.404408514398211
-4.24033467102718
-4.259339114176584
-4.401218962401188
-4.651728413812415
-4.610604593768247
-4.476491274760017
-4.450283966781506
-4.242153213898642
-4.271435190519142
-4.278672825303283
-4.288109863091233
-4.273396433108171
-4.278246493863671
-4.199178334783112
-4.225495740079795
-4.300907986295109
-4.19612190591828
-4.185583367073187
-4.3212958064030635
-4.2008608612130764
-4.338471862661724
-4.25599370113308
-4.174795205561629
-5.752054519702254
-4.214452097302104
-4.24762185304899
-4.266200528503954
-4.2914710351803125
-4.229363579703005
-4.371237162751623
-4.289400465575017
-4.381215735022134
-4.464057739087558
-4.452379424397698
-4.287863374065359
-4.226755505646823
-4.402267077226094
-4.347484841047441
-4.341611634916042
-4.2496192318143775
-4.3619530476672645
-4.258801211677718
-4.152056240163344
-4.4368436613477105
-4.316824499598919
-4.252108360606298
-4.191088918918274
-4.602945632859166
-4.198834785801612
-4.189475741089675
-4.288935248297745
-4.29450023963764
-4.27922410840669
-4.359189183477087
-4.2531172317814665
-4.219193298024726
-4.226211751328788
-4.216880384714522
-4.232305801367233
-4.1644950396839535
-4.179792618452592
-4.28284858387993
-4.243858183618358
-4.260138696025258
-4.2070836570076064
-4.17404946029521
-4.194701889301278
-4.192250820720219
-4.23404658748628
-4.411782634584586
-4.375379157102001
-4.205864722424703
-4.17175779978254
-4.306141034178036
-4.359376198942597
-7.322035221466978
-4.2708109818178706
-4.938210350131617
-4.150642991282232
-4.209856666705624
-4.254167916263922
-4.270132427918377
-4.296063864062651
-4.52011718875058
-4.230012689501171
-4.219115910289453
-4.4946544241260735
-4.224177130307382
-4.212208178189127
-4.27043976150106
-4.34431240238559
-4.223707304243371
-4.2420002839973385
-4.276754574694198
-4.1313792471738475
-4.892711836472572
-4.692977651633918
-4.33816885873107
-4.259683040438159
-4.331648752125835
-4.456501489404207
-4.188027319993739
-4.264106192148886
-4.211809680901446
-4.281766645698548
-4.207011778194144
-4.345550548728165
-4.2762179987642845
-4.21590149795235
-4.197061426417543
-4.265866571750124
-4.219817396989101
-4.504851942634763
-4.25712029670879
-4.199324875294511
-4.120958965829492
-4.236473019566921
-4.386405939720996
-4.181862902200714
-4.590265996245926
-4.456438299229289
-4.328064246622978
-4.351653987686622
-4.333267551002262
-4.663350384044241
-4.256479131961518
-4.308735581493197
-4.280087186611403
-4.386543041651572
-4.295020826596555
-4.3251210399254765
-4.239481044188638
-4.247681606182395
-4.482953435319552
-4.376118003073039
-4.276880288044117
-4.184369103726471
-4.4734056905634425
-4.210763836409714
-4.228819318778794
-4.310641156950328
-5.2631658118564975
-4.252518895976275
-4.39998393399699
-4.305109190945252
-4.353717172652191
-4.150814286239877
-4.259827338381178
-4.305498453310847
-4.334909135773393
-4.239417072816011
-4.210050049773041
-4.23543925280299
-4.350937204404951
-4.476500075338324
-4.244972383214055
-4.625988196002727
-4.24772697639235
-4.521261389282391
-4.191800958194764
-4.256772030110729
-4.492513742425394
-4.156112789443285
-4.386956150381788
-4.223544331801561
-4.443951246418564
-4.350644559177529
-4.192437696081154
-4.230910645087248
-4.259064427459297
-4.235932675454004
-4.2067477788963545
-4.257746531776304
-4.270690490537612
-4.51614364114495
-4.162443773559733
-4.213749718930504
-4.20501797827718
-4.294700016152184
-4.241226415329007
-4.611143989568689
-4.240296340777066
-4.254083246596362
-4.192913574740886
-4.27182262631734
-4.248228339972139
-4.327499633875655
-4.215859920483324
-4.363340169521805
-4.250334009879616
-4.218108983399044
-4.173609991711307
-4.401304505907119
-4.219626446592832
-4.194047568069411
-4.192102869382433
-4.241416112272134
-4.348957399095268
-4.614873368575555
-4.498080055798952
-4.270986503700475
-4.242207470353112
-4.2035098044146695
-4.342394109136621
-4.527882065194664
-5.332850276091607
-4.312321668560628
-4.424205419676991
-4.27344843217525
-4.3815020565504215
-4.222498888510274
-4.237064799741905
-4.153583401505063
-4.521166878235604
-4.213258112968619
-4.101825655282427
-4.6446380463039105
-4.284491941656182
-4.203604455778411
-4.447994485301617
-4.422968162349519
-4.202713887751752
-4.4071761365886815
-4.339873448815847
-4.288692499047454
-4.245729207747467
-4.21144721471879
-4.264048045941491
-4.417723462211696
-4.550248371052016
-4.372211269526566
-4.229721779810528
-4.289900252493686
-4.4574598250977875
-4.170508395069846
-4.607246852839315
-4.256195457156071
-4.211807171102564
-4.369036205891838
-4.211090078635715
-4.328258261482807
-4.241043844861441
-4.211852610042381
-4.328341979978423
-4.325189725758931
-4.2420761752903955
-4.286663873031605
-4.306229642933841
-4.21823106202269
-4.226954491615896
-4.199143963157538
-4.208727683115556
-4.488188086787609
-4.173554517742517
-4.336974963108145
-4.211343522754647
-4.302767427877232
-4.268003704441631
-4.205772186729933
-4.240966717007071
-4.420349532112634
-4.19534199252998
-4.247626842853111
-4.323522749864948
-4.369846805161287
-4.196340560692188
-4.214297808179009
-4.24518355485101
-4.206044388017991
-4.258889665041354
-4.267174588959298
-4.4556016621901104
-4.516390621072096
-4.211128026306357
-4.12836050443208
-4.244778557988674
-4.34890980764395
-4.239912378897324
-4.283995343676394
-4.223604856833019
-4.2114141872584865
-4.336948515002888
-4.229663740488193
-4.312744437047654
-4.128373461716962
-4.325875694944961
-4.22071327386408
-4.452211538192992
-4.219622617026206
-4.243067823572158
-4.179700440354065
-4.27700300774569
-4.166586771632779
-5.503477710467627
-4.278213378451934
-4.1985152951175095
-4.2591811600706295
-4.306889862165506
-4.293807841411729
-4.1793999568291555
-4.8416173625546985
-4.253852492170976
-4.353695376312097
-4.214282252490724
-4.199844821068516
-4.232042449685189
-4.168516727959719
-4.334068973154059
-4.2739739197528746
-4.2272878380527805
-4.526183693700916
-4.170087246351811
-4.215412697188578
-5.352231592524439
-4.235634803994407
-4.06657758674076
-4.170960214536841
-4.203834942708879
-4.707422742996574
-4.20078922617258
-4.218191160285788
-4.1274576228130995
-4.280241259863629
-4.34976454181844
-4.187161108767305
-4.484186160507889
-4.23937927170898
-4.1604624800391665
-4.204054160599599
-4.394339600815892
-4.371198091711899
-4.327772865017788
-4.3096076308442335
-4.258479184500134
-4.4594580122902885
-4.212500317486879
-4.3319207946245575
-4.208078263069705
-4.220862332261396
-4.28488434135691
-4.247309384317179
-4.274259235843483
-4.409306259998583
-11.480034346301
-4.1559609925962535
-4.4364515970749165
-4.227970560019369
-4.252033439843834
-4.317206089943448
-4.288861759272187
-4.248035468414516
-4.355249835354997
-4.302118888378984
-4.271484406919733
-4.245214442796944
-4.26506897297985
-4.331637711563389
-4.380860062733898
-4.36192193736888
-4.393060630848973
-4.311562889902056
-4.305943874740998
-4.180270437755027
-4.204213131285909
-4.2793154776985505
-4.372436466165677
-4.180661382296834
-4.350647142488243
-4.2950048924213835
-4.226529705183881
-4.292130302687381
-4.295538106944075
-4.306835128459845
-4.507343979824967
-4.211194925828891
-4.296980863009833
-4.274628918316882
-4.297367228086313
-4.254384833178661
-4.25342466742185
-4.2043846906811915
-4.2115703679227074
-4.253110844615942
-4.342060959018782
-4.3357829951151565
-4.323142077519983
-4.183130245671606
-4.273836253289916
-4.3891641882684445
-4.271603099146316
-4.217054073435472
-4.308386513255641
-4.199771960513151
-4.440558894764751
-4.2686809697163515
-4.200033667438909
-4.183357344173601
-4.328267818715839
-4.230082177729014
-4.258243519626714
-4.295444175967378
-4.204258982308833
-4.169112464970989
-4.21409305259406
-4.4504925040551955
-4.265699780689178
-4.253158307023305
-4.616889768258844
-4.230395513162081
-4.7718778177587735
-4.239117580008371
-4.559330994979237
-4.222316208967271
-4.490635652214687
-4.174055282124059
-4.240012562607156
-4.26164914225973
-4.292289207268019
-4.238690102945613
-4.255565730477338
-4.280061482044085
-4.249886175390932
-4.246213452451909
-4.181933564107368
-4.281455615586661
-4.181620218531514
-4.243116090518811
-4.288444652807773
-4.279097649211657
-4.2550372406103465
-4.277217602731418
-4.448508426720231
-4.1954087499141375
-4.1893547188103595
-4.623762192577891
-4.497190248178302
-4.232754646404414
-4.406215908041761
-4.228681330937131
-4.133836757597906
-4.399900894668172
-4.313033040077232
-4.221982995921093
-4.278676329586431
-4.531578258746355
-4.2444341007968935
-4.171293737315393
-4.422793157244708
-4.221294364186532
-4.2625286880846875
-4.213709606290089
-4.285846228260023
-4.364685922619047
-4.223841114701111
-4.2442796282462565
-4.32867856774053
-4.229425868526303
-4.270989297313815
-4.210514798444495
-4.274640725565138
-4.333360470693821
-4.196230640664897
-4.244001559607062
-4.188740785045617
-4.230261902950443
-4.202350543061886
-5.248431648728112
-4.441955663488732
-4.206274710656239
-4.3416348807031895
-4.246012531082914
-4.282928846373634
-4.442489673132238
-4.436173996962049
-4.245216828104333
-4.327530448015584
-4.227456282265548
-4.22351293426012
-4.265175140730575
-4.2293395420416635
-4.228273597941889
-4.265297317090573
-4.0864530561305745
-4.468099584210362
-4.353837850514063
-4.253564907142099
-4.358737356737768
-4.203351639207845
-4.277712513795805
-4.2074110472829105
-4.236571381842701
-4.206543964606349
-4.342006655789561
-4.1589198677607255
-4.293457188552676
-4.328048344127432
-4.209311574055899
-4.225741147725396
-4.224869648973726
-4.125209698716985
-4.159894028048441
-4.2162108431688194
-4.222976964064998
-4.2323783551089225
-4.60434538422507
-4.523269419739597
-4.201912416347423
-4.344120457475881
-4.139405473340749
-4.329485215089956
-4.323484890600162
-4.239089242571149
-4.225065469348219
-4.219910474427727
-4.184385534147835
-4.188300920049125
-4.595188592362374
-4.190677167741372
-4.6126207898572975
-4.109058114606539
-4.30425114930415
-4.1972450972464825
-4.203891980875607
-4.196298291496118
-4.180670282869258
-4.261348298426345
-4.209385275435454
-4.266163169312927
-4.171317960739819
-4.304831600351245
-4.214038542662939
-4.17301724367323
-4.217836976720458
-4.468803367070409
-4.346803714501516
-4.322122183422869
-4.24201845171282
-4.275032617089728
-4.21900466770841
-4.203390351936908
-4.394346717233557
-4.418256782635439
-4.306800889177773
-4.246331557599917
-4.164584353695366
-4.259072168940517
-4.1855089766380305
-4.47760150303609
-4.210099275588215
-4.187395262170254
-4.414931249455324
-4.217358952818978
-4.2587897865248285
-4.201715632903213
-4.217247611397191
-4.393279707852956
-4.339342308636773
-4.3015412924134235
-4.553654096881759
-4.341302831285901
-4.265521925622904
-4.467550245452606
-4.165191133903412
-4.195200545565574
-4.234344718001559
-4.23190306161565
-4.3696965170029864
-4.2900015411244645
-4.262872570834493
-4.201236325806423
-4.308697584175018
-4.332559961458186
-4.328761231024165
-4.292600486513668
-4.3946907719705255
-4.27665918105705
-4.220027146460348
-4.233382729851438
-4.201821390329414
-4.257674329400936
-4.201088682570708
-4.26435081262037
-4.2727246716904155
-4.221486683404243
-4.3429310983099185
-4.22546773034552
-4.234571505128245
-4.33669417791155
-4.256452260412927
-4.263356414218352
-4.237083815640425
-4.639748304350461
-4.421378978493118
-4.323318299016378
-4.420953124138693
-4.23670296645283
-4.260335937489555
-4.282358407384708
-4.151822584041048
-4.366801938810797
-4.2806977006687905
-4.1891792961733065
-4.319722547156491
-4.284693616845787
-4.636126016064555
-4.1631746249966115
-4.206837415075684
-4.294419520665128
-4.200522613476499
-4.286145508025637
-4.236732427690819
-4.218052090228675
-4.250139537159856
-4.331253779634817
-4.282408828327728
-4.2013979264600305
-4.244012747444313
-4.171705657457559
-4.295267472966831
-4.413951872924851
-4.2575434454681345
-4.26194928634276
-4.253028501278419
-4.175491016747833
-4.285131333863489
-4.407624026557535
-4.244196903860501
-4.180431851862102
-4.396926969259705
-4.236134252477938
-4.2519736921241025
-4.4248277676609105
-4.250828129279819
-4.318319027555837
-4.250849816467093
-5.069360430865119
-4.263492821708321
-4.5597703942216805
-4.49994358221654
-4.306079171903641
-4.269141608434921
-4.424597963231035
-4.460248335571674
-4.3053429299089245
-4.202631582724228
-4.2106127433250276
-4.4093890579375605
-4.26366847822376
-4.216460111064481
-4.097993962194735
-4.171144866876701
-4.312928736056186
-4.155655492791567
-4.220654666506976
-4.226587290028701
-4.254839003394886
-4.237139162127849
-4.2792296065196656
-4.2203653286699385
-4.1675006211182755
-4.258116153725897
-4.164924073264814
-4.235040803732447
-4.554034666894418
-4.272872647299842
-4.254107493582728
-4.281812491686811
-4.236888936897325
-4.242334288082258
-4.242293131240122
-4.204863531073706
-4.233755117719881
-4.233125012468884
-4.419683815541303
-4.202705521084282
-4.481176918058673
-4.204909760374464
-4.2164951931393455
-4.424145013801854
-4.255357142169194
-4.274577772839946
-4.376139234851942
-4.2775117836283325
-4.203025663585904
-4.230717378794202
-4.215954644372882
-4.456506464345677
-4.251095584114212
-4.4102339976929
-4.176480148514784
-4.282357172525256
-4.18724844391018
-4.539248128147206
-4.211840273683238
-4.588516895538408
-4.462890384606017
-4.390139886873146
-4.260248546489113
-4.220404679356911
-4.218071020489833
-4.255941307306456
-4.169095900401603
-4.197530042945069
-4.207992209363309
-4.107804557295787
-4.288110030865583
-4.236843013931917
-4.185171454993952
-4.266455616058128
-4.218105414178621
-4.184140878508554
-4.691439235711989
-4.23290490774276
-4.2227792699551046
-4.181478026520426
-4.257665837258346
-4.2568244822201216
-4.1771401772269146
-4.160807010035174
-4.433021585089884
-4.24094709470892
-4.413247347022387
-4.194660257191095
-4.227723212610207
-4.265142357779175
-4.208256262822667
-4.2518857820911915
-4.189752861334916
-4.226974271979161
-4.2664041058823505
-4.1077244556176975
-4.251101286458429
-4.271755673695345
-4.172813151163881
-4.192734461765175
-4.209177939796558
-4.387988058446024
-4.199066210596425
-4.175296767743286
-4.207506593075156
-4.273658693883721
-4.203868824477259
-4.265628793978126
-4.174784896471661
-4.224483082707556
-4.295202424905333
-4.16724448430702
-4.17097564372937
-4.153934351537281
-4.265194700523314
-4.187158241373594
-4.183566102699468
-4.247994203195538
-4.17794689189525
-4.280781528103138
-4.244489031783282
-4.310037248995061
-4.202884214732487
-4.248258008819044
-4.197481219566405
-4.260109046661553
-4.230733841633414
-4.236735543870736
-4.124733167071598
-4.344441859293759
-4.258013301380106
-4.143712871968166
-4.387797514984836
-4.198879377163646
-4.42359574220551
-4.228585322178176
-4.4455098636557535
-4.169759138973798
-4.247131891472409
-4.183786216990307
-4.181322141572546
-4.19123350504211
-4.2931942873624855
-4.156620076480476
-4.210462260949453
-4.370137074170666
-4.187283907411941
-4.224326755498456
-4.18043855685694
-4.31806979517285
-4.318004767504469
-4.314263498657207
-4.236147194599097
-4.4413922972357796
-9.135693693800714
-4.309203552238599
-4.193330771471567
-4.498726105600952
-4.183898299222995
-4.286360335214447
-4.271391635783278
-4.246002334905293
-4.308733965939284
-4.1662936936215775
-4.243610280685476
-4.199273355964043
-4.142805553793444
-4.341699745813915
-4.227607180698332
-4.264898420799603
-4.233064588839354
-4.2581361391510235
-4.535918159361718
-4.252048451729587
-4.172887929534594
-4.501688384610921
-4.2706704422601245
-4.217553426006383
-4.21801264834666
-4.278911539574315
-4.606333505650239
-4.22433786746448
-4.219106097893747
-4.180500647552483
-4.596230353329177
-4.162768957410842
-4.204189698602591
-4.181913771867819
-4.1924579393675865
-4.218650548202234
-4.2080992564360455
-4.384811713931257
-4.387516046413421
-4.180550483499942
-4.215876160533193
-4.319125725333546
-4.394113720415989
-4.191549725444204
-4.187152383007599
-4.443456870262252
-4.1877843919488384
-4.270264843155132
-4.224584425367511
-4.223224984636483
-4.414313679173169
-4.2089141023249645
-4.167185276102948
-4.337731571796233
-4.245522234180861
-4.511996926309132
-4.241471856270206
-4.220481435151946
-4.224064690004782
-4.215374162041566
-4.239113712417292
-4.164432990455503
-4.29941696296266
-4.303890417417301
-4.396865783008194
-4.489887990865636
-4.871391133445484
-4.46278219872725
-4.2184868727968805
-4.191231990277902
-4.245310012060497
-4.183058716090624
-4.5361185799107515
-4.214617438220553
-4.211171532770249
-4.199787848042162
-4.251890152405743
-4.151727998110727
-4.431033172945067
-4.176544866095953
-4.191192948703835
-4.181232408353084
-4.237249505809447
-4.179331308577303
-4.301273646757335
-4.237445963049011
-4.445969030875698
-4.3678256028749995
-4.391942218961911
-4.209287186233595
-4.212567347726876
-4.240420964635182
-4.313766355434727
-4.229353543463473
-4.2278724228319104
-4.208781913302018
-4.222501818297002
-4.425178004841088
-9.04918473811513
-4.2511023073941
-4.1933652535501675
-4.161590928692048
-4.207727741698129
-4.222354895578406
-4.41757159874819
-4.234992248695452
-4.224142276603632
-4.305253654117628
-4.3514408192900795
-4.3141028606847645
-4.289979634611439
-4.155955756090597
-4.3234087668510455
-4.2170703773642595
-4.180076502085177
-4.404590874814577
-4.228604520957243
-4.366998003444326
-4.251390388107384
-4.226727274081991
-4.8342940295102865
-4.168194463722771
-4.537587239898447
-4.483944292183645
-4.259769239058023
-4.152361187392019
-4.167201313031089
-4.1940306257691224
-4.545753054263333
-4.313840931662014
-4.071381200478522
-4.254984783500346
-4.6086028766210205
-4.216150032154717
-4.2843725019749765
-4.277560231240948
-4.5997475724742065
-4.2230813486606955
-4.2880260777115335
-4.26715850312826
-4.215854779072109
-4.268341004987345
-4.322562305065819
-4.307928689470345
-4.243740446967097
-4.212199484467138
-4.345792064815754
-4.152336587429546
-4.17101201133982
-4.249320442113532
-4.205602292342633
-4.259921707411342
-4.189988880787657
-4.169998807765028
-4.236100110478913
-4.189796262171396
-4.181637728652282
-4.417785320416354
-4.206124144445677
-4.204717091018136
-4.1975086809410636
-4.277000826105374
-4.3179388890334085
-4.268871520314042
-4.24767665876086
-4.239942950166292
-4.1655944341886855
-4.173835335147278
-4.286013809122535
-4.214038474684101
-4.210216828040879
-4.330805971071383
-4.234682534523336
-4.273157216501283
-4.160328919008589
-4.295316344000491
-4.266691470539594
-4.234009702655658
-4.348932122427811
-4.1996259194827825
-4.2271641720834054
-4.292872975700245
-4.279543460006926
-4.211088467263499
-4.184319620687369
-4.316940849388135
-4.198709468637512
-4.209831058361254
-4.379227763392574
-5.394050636729746
-4.473480139344654
-4.2455719405003745
-4.401514338265645
-4.231349106042429
-4.233198533435553
-4.4240692847934575
-4.410902977732017
-4.246861760577158
-4.173438010930064
-4.195683437115069
-4.254343329142912
-4.256947429547605
-4.219472306725632
-4.361351905754964
-4.266963930148509
-4.236335854430538
-4.187913992102509
-4.151160458538073
-4.225278133761813
-4.303703768033484
-4.268351436849514
-4.23634508563186
-4.1635111359462895
-4.200711990368782
-4.2328310710527335
-4.326655700947347
-4.224222037698153
-4.240620040730805
-4.1760659623043
-4.2039936888077625
-4.273804288941069
-4.200354066258923
-4.479841392659804
-4.335633232640813
-4.192703057444929
-4.246244685660706
-4.209800754468164
-4.309039918412857
-4.167217047700629
-5.315480794811558
-4.375223444763691
-4.355551003646527
-4.20777630291455
-4.406096486964199
-4.2742237334799364
-4.172622337705651
-4.295858692445777
-4.213136105288223
-4.209772423309894
-4.181618230593463
-4.309521103998977
-4.212134547187081
-4.179166803272432
-4.175158605844746
-4.416357909985199
-4.157772472463272
-4.482476415496965
-4.215504732401625
-4.265934733548575
-4.319428614443505
-9.075820569844225
-4.258401064024823
-4.417403188980377
-4.231624544149407
-4.3753263198810455
-4.2087545793373256
-4.43959204081749
-5.303609839509889
-4.291261311052257
-4.293935414840778
-4.193979616170249
-4.203231663841165
-4.248909403175796
-4.199042499658065
-4.10844398707224
-4.166340339680717
-4.248989506779258
-4.19205942939807
-4.213882808404193
-4.193605291055152
-4.360724429881557
-4.227127984538419
-4.356425312118346
-4.232351912485831
-4.2401163711825385
-4.215862299481722
-4.345182454392076
-4.233569200098376
-4.166135396430319
-4.232614868460179
-4.253752817200412
-4.23533890478647
-4.204880438967534
-6.925447441801045
-4.243422720250806
-4.195484900757759
-4.205497314533102
-4.198168891214139
-4.1937960367011335
-4.196486098327323
-4.21240212822015
-4.230780870727338
-4.270834871216718
-4.18976431692608
-4.41670314562811
-4.223586040516975
-4.629722406847361
-4.399780031293383
-4.263419859163469
-4.332822014182825
-4.231830274067762
-4.68738514306248
-4.244375700903218
-4.211922450012062
-4.193977715769785
-4.254899687972613
-4.286579865426718
-4.197376300860467
-4.215785673052919
-4.120387617867992
-4.21228303668081
-4.312296002901462
-4.801514661952829
-4.198669677398376
-4.179224324418901
-4.960454090159788
-4.595761781255267
-4.306021834667159
-4.449519896209197
-4.173882165961821
-4.247341900596685
-4.186481470358177
-4.295159322116047
-4.209660403239405
-4.1987251669070815
-4.349259086325408
-4.423109074218344
-4.216506956970815
-4.228665651082281
-4.2306429160296535
-4.41666958645792
-4.142239457504326
-4.206714141532175
-4.222994078186313
-4.387166753683168
-4.317110860102256
-4.270893465797805
-4.304246459474611
-4.880755273928582
-4.321051918727375
-4.26942629950854
-4.244965910824183
-4.375245016197952
-4.202147600428812
-4.172975174112932
-4.2620296446436425
-4.236488125510696
-4.22006772523476
-4.256890665306096
-4.169758590443567
-4.081230049329607
-4.675801172650972
-4.216229211381524
-4.269598306989741
-4.2261380640552
-4.270662504267516
-4.225141135768596
-4.421693241799626
-4.237780075586564
-4.172658267280709
-4.246018497501738
-4.215910645014375
-4.249529972979181
-5.223283842531435
-4.4189534696500665
-4.186816275540493
-4.284957921066017
-4.504293246783756
-4.222631990687891
-4.201943890071046
-4.388541877731559
-4.246419122132299
-4.227003575163293
-4.133161389658734
-4.255644729095723
-4.175311222001568
-4.232670498995039
-4.592290277848644
-4.180514758693292
-4.265528768938179
-4.439403951251797
-4.15690356961451
-4.208999992922663
-4.255504202885475
-4.248228488818374
-4.334908070263252
-4.267239356266902
-4.191048278771974
-4.221426656598436
-4.218230918297683
-4.187130341796639
-4.36313272735747
-4.312248207376917
-4.43029372902611
-4.290132380106196
-4.2400361285639026
-4.291136247198717
-4.1209717580593646
-4.135065580959359
-4.5041798867009915
-4.307735768507627
-4.191860927135277
-4.240197506576357
-4.127871090776847
-4.237150764826295
-4.416758599936589
-4.285134028583735
-4.18253402797769
-4.1971706407374345
-4.2969443846233535
-4.235957120611364
-4.288864218154528
-4.574510806986533
-4.207449080118444
-4.2849051602722295
-4.335420387950873
-4.212937162748968
-4.192204033743418
-4.30809448176861
-4.212039171643788
-4.190164868311031
-4.19838115221164
-4.398513805751515
-4.3350473336649875
-4.283504630348166
-4.170072470723751
-4.172848015147346
-4.223453696823538
-4.207034618357819
-4.309809217426006
-4.203878223711656
-4.190655928205934
-4.330897404393722
-4.597371031917928
-4.365924940715262
-4.18876182773011
-4.2139665121584615
-4.318118930884602
-4.203362984267641
-4.157237139066378
-4.273747472060751
-4.284505653456038
-4.248202997801781
-4.276342514673701
-4.186999012016646
-4.184380603308746
-4.233758904031401
-4.387910130541626
-4.229840845073954
-4.147376338348881
-4.182577171207932
-4.217480912793203
-4.266263996516413
-4.251438133404295
-4.2422722491683995
-4.409195864572874
-4.501695761092546
-4.219671614363126
-4.163561668433498
-4.192276975488328
-4.405880497114437
-4.244186940454387
-4.1773053963489115
-4.1803304282844085
-4.190035911056639
-4.24704844760985
-4.1737062107660465
-4.434742859783295
-4.201844900727984
-4.232757287527098
-4.433381814416856
-4.202254783961669
-4.309174222994353
-4.220204304815306
-4.271932824257566
-4.191276517935153
-4.170629597348051
-4.169727912168325
-4.172704794003202
-4.152792310909884
-4.214084109042172
-4.401360966176679
-4.188597755859554
-4.20796180240472
-4.2179339535520946
-4.180570439200778
-4.215202419298724
-4.330522071887319
-4.190456071034512
-4.272793610654653
-4.219409940183289
-4.253550238998825
-4.162603183167287
-4.226985706635994
-4.3796923126725895
-4.259451428518866
-4.480414553391436
-4.184640849463502
-4.162345097379699
-4.419259649267082
-4.15888476721476
-4.226989993553815
-4.188890178644
-4.308562972515023
-4.232942181141861
-4.21426601917798
-4.40584741102385
-4.37019994297283
-4.229750511143351
-4.19695476657484
-4.157292245826808
-4.1868740295945726
-4.226873911099157
-4.257697060019407
-4.191031175793653
-4.150428840229376
-4.206094285105711
-4.1658400702365945
-4.208613622166289
-4.204971163768732
-4.240141495260661
-4.233820320365704
-4.175171786565755
-4.208976820111937
-4.1978544818425725
-4.455085145084249
-4.2329961784240195
-4.212954747479947
-4.193977805481563
-4.250356592096969
-4.317746433377331
-4.187943142215265
-4.154544778865861
-4.390163849028926
-4.174551863101685
-4.140976524104967
-4.225406941989785
-4.226375606911972
-4.4153065637895335
-4.220257004854609
-4.436249254349202
-8.99516452702438
-4.249645799089006
-4.343786061045963
-4.214709995231702
-4.259882879122984
-4.272089467923067
-4.219335235314467
-4.167245819348304
-4.297798447508544
-4.133393121407556
-4.242174542821268
-4.2817348963828925
-4.19411714145919
-4.338385400402287
-5.375973267167847
-4.230079565817375
-4.249978241939345
-4.161104899495754
-4.318736894139211
-4.275639943818789
-4.236667078785608
-4.205720199862051
-4.195414259089655
-4.545237587492285
-4.45072179293223
-4.344610813202835
-4.20108832447015
-4.3700121917309165
-4.329115813536893
-4.160247668250414
-4.363824179025849
-4.203577327736072
-4.342570516199265
-4.266389792630151
-4.200308321295731
-4.266565681984853
-4.191260659164197
-4.207315165178082
-4.392141546305451
-4.45654971904587
-4.371598059479501
-4.25165371420219
-4.753415640177525
-4.135553450688358
-4.206685803142055
-4.556273863810606
-4.40446813475928
-4.198949229313419
-4.227821610369764
-4.204420896278799
-4.633738000334169
-4.185600125846765
-4.176970022510887
-4.193073245785119
-4.140813388670999
-4.875084830303714
-4.454721247976602
-4.142482886321285
-4.187518526527123
-4.12479954940034
-4.207558370914787
-4.235845454461048
-4.2153699708822305
-4.30567582408752
-4.194530111277503
-4.216337959167788
-4.404216619985917
-4.192962881484534
-4.384961156342479
-4.308548176078322
-4.164043398765163
-4.214305536918538
-4.492536819479209
-4.222037755254168
-4.222440182486029
-4.220518474191594
-4.175829795107349
-4.191926403900281
-4.154142536120221
-4.221255344668998
-4.220857951598373
-4.5633195981000405
-4.317748710599087
-4.155141521103154
-4.202729596417562
-5.5012138247012485
-4.114056513580789
-4.243080673127067
-5.258370349329925
-4.253092847655556
-4.302872407479195
-4.229061078349396
-4.380034831004268
-4.195858744657078
-4.326907364127989
-4.23612710385778
-4.218651890410561
-4.274560186018359
-4.20742002337873
-4.552338522935077
-4.174682943528253
-4.178275575823339
-4.328982107185994
-4.3483926997534335
-4.132243008997028
-4.186064387566682
-4.64640566480743
-4.236894098514796
-4.197716627398077
-4.218649322228144
-4.253094710373752
-4.232208296959872
-4.388810967461551
-4.213926010080765
-4.168965428271521
-4.178473959255353
-4.264875275486511
-4.430004881270008
-4.436893751022775
-4.183679811046892
-4.303376874119437
-4.154965350767986
-4.187512220513775
-4.222141250434673
-4.273133820327484
-4.193874809470032
-4.39096894261443
-4.213630440103774
-4.176355478135649
-4.228843310569289
-4.392559686621359
-4.236594284074038
-4.199458453227588
-4.157250795681475
-4.198292280808474
-4.218827119511027
-4.282668001024873
-4.546550401298143
-4.237974433703666
-4.4373465097399
-4.228110564028512
-4.1947192890125224
-4.3031291414003565
-4.29618010757518
-4.288402699470853
-4.227113605213306
-4.32715141258431
-4.268619728404196
-4.250978358181709
-4.559596119532414
-4.175877965698266
-4.338294774540274
-4.23004336803399
-4.437042649816976
-4.201362162209173
-4.204346848276827
-4.218739134754087
-4.2278404601270285
-4.222013995820739
-4.2425272801022595
-4.1845923401094565
-4.238558287857483
-4.427978386269861
-4.198647433254473
-4.491192419418481
-4.318514659490748
-4.203185594563119
-4.264601030461158
-4.432977359234961
-4.218335592085897
-4.21558454414063
-4.296445789897424
-4.351065366888426
-4.221450449784339
-4.245514168613593
-4.175439616551539
-4.241189761797523
-4.217033488456538
-4.163828464874006
-4.315207270268845
-4.142098265450494
-4.236793771450557
-4.20848165881033
-4.355390056670618
-4.436170175528956
-4.309689566823997
-4.215803804762648
-4.253827444807572
-4.2408233336106065
-4.179501913577015
-4.225593342738716
-4.0933882056329045
-4.252628003704604
-4.237672467324925
-4.35653484905877
-4.22279598734185
-4.232232386159263
-4.219639307122841
-4.200335232645089
-5.334045231845717
-4.2441080459618465
-4.228566451697222
-4.198173308915502
-4.212245223325
-4.442774907218569
-4.379524565521613
-4.218270674800526
-4.192861590551213
-4.269390232967036
-4.152640329871913
-4.249335070604894
-4.25596157342063
-4.2321268728914925
-4.434454100980266
-4.189173336838058
-4.212752937686148
-4.265806110872921
-4.309628441032588
-4.235835071652935
-4.1280993229799945
-4.155752336854031
-4.176347927588714
-4.136330149473307
-4.264184613026871
-4.567548031763705
-4.283680130541095
-4.60375452739694
-4.248261558353265
-4.202251040683967
-4.2277675771243155
-4.1959415787790775
-4.304556198820576
-5.307724599104032
-4.255847248216283
-4.161026460080159
-4.331957939276068
-4.532105000760292
-4.2535951420841185
-4.229857084982341
-4.707192400264402
-4.176392294685568
-4.156325266027868
-4.343402193650622
-4.6010987242059995
-4.180882479227813
-4.553441079263791
-4.199659099207413
-4.189623618073283
-4.264899581897672
-4.1557953713215
-4.199435025264873
-4.2831733885806464
-4.228283854764665
-4.276790780432088
-4.238705578424127
-4.518713075124807
-4.527540437958143
-4.202263794999576
-4.100374739893354
-4.192320614971119
-4.269011666096391
-4.142693653437118
-4.231290917628944
-4.243131277360701
-4.2283280793871425
-4.198782139512085
-4.196697525216321
-4.148694129736539
-4.275742382405962
-4.196997282518689
-4.163006750947996
-4.22623123648319
-4.2311137528080955
-4.300741334186618
-4.192743285332556
-4.248769648658441
-4.198865614502437
-4.147600293579789
-4.271858125151662
-4.253715689971277
-4.2579421332519365
-4.106758672184471
-4.217841751146425
-19.349233098074073
-4.355283151394913
-4.472633881248241
-4.184464519383459
-4.321426139391307
-4.2060821933901815
-4.26292138666577
-4.148790352226545
-4.2584123877300035
-4.2007819884407525
-4.195251314251417
-4.185079418825858
-4.188090179759254
-4.222061887877768
-4.337942883629742
-4.346085989621244
-4.19313388965669
-4.237799029229545
-4.230731032504711
-4.2677660910306505
-4.198044307575361
-4.2305522029459794
-4.174870621708424
-4.227205280068455
-4.219266622541539
-4.246041754425371
-4.195419654357956
-4.2956942082488085
-4.229507217212673
-4.773964470988385
-4.216608658522011
-4.202285087844507
-4.187992835363271
-4.219997988193515
-4.197748448656905
-4.351432729913876
-4.200296798635658
-4.216050324455436
-4.20503830297559
-4.340153906036519
-4.171928624062176
-4.219424313609566
-4.289160222589504
-4.254849964466576
-4.2600952223519
-4.3422236630227795
-4.240124266976366
-4.1916828522757354
-4.232240160961825
-4.349323402910338
-4.194661246374628
-4.211057578820934
-4.25413393544825
-4.221884390543638
-4.275903283686354
-4.211823045075583
-4.161469500832524
-4.34504289226086
-4.170087522033834
-4.215507243317162
-4.30317774128065
-4.171224641204934
-4.213450176267337
-4.21255044460934
-4.255328556293242
-4.308948656803949
-4.322337821007998
-4.2111951579587545
-4.2463723376476725
-4.272856805765152
-4.4310391262504325
-4.241469515460092
-4.155460431916242
-4.175384085961088
-4.141602203487674
-4.237738535577134
-4.175081654046441
-4.2352801018174
-4.1809135970721325
-4.215086972666921
-4.190683932084754
-4.360938797339029
-4.314448980262348
-4.158549089337605
-4.296306292585487
-4.175612575903162
-4.134050730331188
-4.335893305247733
-4.197727210599825
-4.364146486529978
-4.234521777373184
-4.4164624870139315
-4.2086539720510014
-6.0742835259851935
-5.300184204722139
-4.189466094523836
-4.1829723727658985
-4.198455927607628
-4.081245725016647
-4.199805408544164
-4.2454878287789874
-4.230591419201257
-4.218951647033523
-4.215776702834075
-4.249800976258846
-4.6967123084691345
-4.224363708601924
-4.189287752363718
-4.091430561369584
-4.246336640584358
-4.221570192692734
-4.231730603793259
-4.250588839638366
-4.296763355910768
-4.298562186789242
-4.232553495430464
-4.222720319993538
-4.19160557825107
-4.249585146310182
-4.032224569670495
-4.198027448679592
-4.229624223418455
-4.609506479822048
-4.439024320801257
-4.2071181591600455
-4.294002505426821
-4.18109725437738
-4.300190816464548
-4.206499655447376
-4.228170934335037
-4.288660929180064
-4.181222674578424
-4.168522132461912
-4.222493445364556
-4.298203810922936
-4.192056145751701
-4.241652036187897
-4.19928038842179
-4.451019640692342
-4.286959001168694
-5.988663763510081
-4.223585960826327
-4.3169933489721215
-4.292880755766832
-4.254615374792177
-4.400186276732725
-4.247462595751977
-4.134795733273584
-4.303127354036668
-4.422986628297774
-4.213200380599318
-4.230715817576673
-4.2301731321476
-4.279154974212784
-4.170839349331466
-4.135666379581828
-4.1483387872121185
-4.260244555847767
-4.181786751284191
-4.232084681654712
-4.220236358190755
-4.305620018313622
-4.2124076018199945
-4.249886640143059
-4.196882009367499
-4.208458507654404
-4.399833591867369
-4.1806302550223515
-4.212698821512726
-4.383927324477757
-4.143638726874224
-4.417873423918295
-4.183609141502213
-4.222568239898254
-4.200486848600774
-4.211334505734851
-4.658697315690528
-4.21707768943773
-4.269918266224872
-4.1177189943317805
-4.252632284566294
-4.283936340056746
-4.19025877091886
-4.139863120885704
-4.205467161225238
-4.210972101433704
-4.270412995381825
-4.250077468798307
-4.236379902205157
-4.203374557715006
-4.295259740149583
-4.218160910609678
-4.230019399061263
-4.307865473609844
-4.268922761379505
-4.206415269618802
-4.1434272945464645
-4.1989994253018486
-4.2107200603045545
-4.257364605952076
-4.248708147256271
-4.202549781279249
-4.520089463730529
-4.204233292732809
-4.221522975484355
-4.187372911670995
-4.193692673648191
-4.207761357734861
-4.260013598840645
-4.219141249778607
-4.21924782138728
-4.2319296132871065
-4.235796262671678
-4.388820831703514
-4.29115385670395
-4.272966287832931
-4.223763348906896
-4.218373362384169
-4.2085710237553196
-4.19393706729406
-9.189458387669328
-4.409979783189242
-4.186053213864421
-4.246316101781117
-4.466888094253898
-4.269193479903515
-4.209241590638458
-4.209711376947373
-4.215947584196842
-4.160361790638315
-4.288872900666076
-4.251215714776951
-4.202664071912959
-4.214201661803055
-4.21709231208116
-4.211030488556394
-4.34698781684059
-4.210237872107411
-4.166790399475359
-4.254436904380177
-4.151607530307396
-4.237884293286606
-4.347790959724857
-4.194126797880732
-4.439010462125534
-4.136621228867042
-4.267560823739905
-4.3193992116056625
-4.27124697657621
-4.226577772815171
-4.294081565365626
-4.155147093002735
-4.234695222029896
-4.238140392356122
-4.213260630745288
-4.2339612197138115
-4.190563051020734
-4.265103145204194
-4.218209660137452
-4.394466298018219
-4.286771175030287
-4.288182496667496
-4.2427843983174025
-4.254876795596314
-4.408944217986001
-4.237952250472318
-4.153479592468634
-4.526695713537395
-4.360417289637877
-4.189409268934769
-4.242371681141272
-4.198375033615764
-4.5396799664976
-4.216133073686669
-4.208196674963191
-4.425281354336967
-4.180934185108603
-4.155257037474708
-4.204307761044209
-4.25452755823821
-4.371743447100109
-4.210905942060677
-4.228163407935343
-4.14136285451705
-4.2046098962285505
-4.307880239326216
-4.185589648501845
-4.240239168720972
-4.123256777067179
-4.187001128404737
-4.373768190842856
-4.180547796358906
-4.243565158811929
-4.1313573748182355
-4.204156847503666
-4.424284113708378
-4.282066106837055
-4.132365351087313
-4.269219363709691
-4.162739630400286
-4.149790860678368
-4.227059777454716
-4.401609359238076
-4.201588131934967
-4.653474250352154
-4.366583166576897
-4.272446457916934
-4.208429958466991
-4.150533598682022
-4.194734547992356
-4.130977960670874
-4.399464610530855
-4.2056469931109675
-4.310460972118221
-4.22307098604486
-4.229310813808105
-4.16662938672811
-4.11715805017243
-4.226957764608549
-4.165155184583951
-4.176524932842645
-4.485122855226229
-4.277180075585826
-4.2044413593488015
-4.2310304533922585
-4.200245793014115
-4.221183261930063
-4.198973651602333
-4.212427595887986
-4.244206093244515
-4.330253244388222
-4.2303084061450695
-4.246239189238033
-4.25006850059233
-4.184337689754972
-4.246055188630727
-4.182809073406493
-4.15552441975378
-4.2386104012932595
-4.130961473595865
-4.208486715641835
-4.750990196073702
-4.234059569241872
-4.182418149125604
-4.301524185423754
-4.187233213847083
-4.163851563205118
-4.262960661607437
-4.135447831665436
-4.373841292564479
-4.238244465222538
-4.405007771433595
-4.175655190808281
-4.248995745927535
-4.198117452587497
-4.1999015640550725
-4.214603125767745
-4.163149012476739
-4.218953555406103
-4.224379201227731
-4.2601358066602195
-4.329253733846723
-4.379719180242852
-4.155497119906952
-4.225620038842472
-4.237246425596168
-4.242867855259121
-4.105979606282225
-4.404469249401828
-4.183895840257069
-4.199087633580404
-4.147762237535511
-4.4546564170727585
-4.200064787211269
-4.1406107394635185
-4.15393146590942
-4.188758153885247
-4.512354396499071
-4.225041099082901
-4.207293488666696
-4.341185191540918
-4.205571613912611
-4.19084633138502
-4.181711697872207
-4.096534032438253
-4.20105950016558
-4.196216340879551
-4.243875702100068
-4.177368001307883
-4.298777600912742
-4.250165033463126
-4.1547792998377995
-4.194917409651169
-4.29468279010837
-4.163625402690871
-4.220742409327648
-4.236989135606492
-4.18623437376025
-4.196609783930851
-4.18613251680855
-4.288802807796961
-4.35871463879814
-5.477985242160104
-4.190996741911155
-4.202854371637654
-4.25310360340376
-4.207739314713477
-4.202568742737353
-4.159253756281805
-4.190204839518594
-4.191309750905626
-4.214973335322257
-4.284599096222685
-4.206858334358887
-4.633778463671345
-4.192686021813891
-4.505241107950047
-4.199359029045207
-4.882250557229783
-4.190523754737495
-4.214063153368238
-4.208038192070628
-4.0806409004832105
-4.149674925895366
-4.1348021859999955
-4.207319161062893
-4.200830265348264
-4.821654335455641
-4.291725836234665
-4.141670391642928
-4.231959831369334
-4.206529466219514
-4.306541383166431
-4.192262302528138
-4.376247763910013
-4.217367528604976
-4.251818451653949
-4.112049939290328
-4.243170897529052
-4.154557919845873
-4.236124493030552
-4.283866392631381
-4.175781799053419
-4.322118422093567
-4.21856503964209
-4.203387323546328
-4.301334202382813
-4.199814721756783
-4.208889325486151
-4.185069754046217
-4.178793384231891
-8.980546469367571
-4.447563697358283
-4.19587141571836
-4.223081023266475
-4.2926574316074
-4.235246354214739
-4.431932151053241
-4.264762570723242
-4.258975416547767
-4.20748741587294
-4.21312956341162
-4.189339554476298
-4.313647162185795
-5.297473264243857
-5.175548094998714
-4.298613293758696
-4.255301281287378
-4.2443816094229225
-4.1429678538740875
-4.172356791860033
-4.571478240412508
-4.201160826182941
-4.169755656124448
-4.410615180465874
-4.250825370590865
-4.213815134070557
-4.253005690418863
-4.163821879073706
-4.246407304260067
-4.195305714561276
-4.1778659210658535
-4.318615824103099
-4.313308365701098
-4.201478467552573
-4.232281883134538
-4.18612340346092
-4.366087577338684
-4.2910758695760505
-4.279908318474985
-4.19288083901912
-4.235294354805315
-4.2310012180043435
-4.144088241213177
-4.3050592568153885
-4.200547421505059
-4.180968859829339
-4.2637604060758125
-4.215978689882851
-4.190887692894863
-4.226856681148397
-4.287882224204127
-4.202236809980677
-4.184947469410413
-4.225205957906966
-4.1607426977001225
-4.197557461383452
-4.178279494968974
-4.194293749165218
-4.194298771460045
-4.367441435199037
-4.191670103934254
-4.1873845709554525
-4.189160260918539
-4.211117481809186
-4.202245929202689
-4.185981892495205
-4.2017783715535675
-4.457570472924915
-4.307988120602964
-4.181206284062318
-4.449727959354252
-4.406716557725367
-4.1851376006888295
-4.183815887338916
-4.2253801840263945
-4.173344839639116
-4.208085683897064
-4.24767786456555
-4.179560899279192
-4.196203260619472
-4.207294217048027
-4.526817830603626
-4.137867300038784
-4.174196784265897
-4.216551287742428
-4.274994814802427
-4.261642241646395
-4.194695431808411
-4.2946469237013165
-4.170698823989941
-4.510537617417252
-4.274268647797115
-4.210017819335823
-4.223807828164389
-4.229461473315828
-4.24248158957023
-4.491695633380583
-4.220222477348989
-4.164129734134901
-4.488865182652287
-4.284677714368337
-4.195294990469695
-4.4268719482817644
-4.174066480210349
-4.215083732524336
-4.425323127724384
-4.294239436961966
-4.1313736218970565
-4.160719281843454
-4.223460960008659
-4.359495785686825
-4.285835359803202
-4.386896781622209
-4.265382969628269
-4.209205568565575
-4.291314722661762
-4.164293250881781
-4.339309557325122
-4.188858806638748
-4.339685701463624
-4.36254412227038
-4.20325386637797
-4.264194040467788
-4.237928452766634
-4.242389376513162
-4.233060581113954
-4.1454740570993875
-4.2213984634099875
-4.302758425026317
-4.231975727045914
-4.393651733635816
-4.319336247567396
-4.214667101185966
-4.142863593099103
-4.147170458640388
-4.229466532265168
-4.296237116827683
-4.178235523365972
-4.2422390721440975
-4.218232713168028
-4.1746313124617
-4.153527323717406
-4.230023954986666
-4.269413485747294
-4.844746270382207
-4.231839806663418
-4.264082698621943
-4.226835488825318
-6.104626346653033
-4.179662239774303
-4.190536465795215
-4.154259302458003
-4.600735034273987
-4.310370317186054
-4.164000277021129
-4.323258481076276
-4.291790588146415
-4.221857172657437
-4.215111169702129
-4.364431781683958
-4.287566734747346
-4.153989444940262
-4.1915972577727585
-4.56289957085386
-4.193325601007584
-4.165433952312015
-4.792609088132216
-4.241279439855664
-4.2285860734990095
-4.156165294339462
-4.330242357830999
-4.265174054749104
-4.173128929808924
-4.192181060438433
-4.260574772796535
-4.245396876910523
-4.137996901042119
-4.429658572629602
-4.177794369424506
-4.205033153191612
-4.2426504033405665
-4.216337552221609
-4.237321675887306
-4.21462633710817
-4.2249645808412115
-4.411256878126107
-5.219100632373944
-4.288767981461838
-4.223176987719885
-4.184449950827332
-4.216122887146823
-4.363289590892703
-4.400536494426888
-4.157083503372036
-4.240285593542721
-4.223422852454671
-4.3226791387237515
-4.236590811974793
-4.216090302405505
-4.313592894696229
-4.151979827640139
-4.17943700259225
-4.261077322588888
-4.169697551342252
-4.149177266443813
-4.192512916200549
-4.195336425063871
-4.419429263191427
-4.198362900001324
-4.231144031087068
-4.1808986490951465
-4.301003369151331
-4.243836272027415
-4.435112135315479
-4.178637137589383
-4.20375182324353
-4.154539978796841
-4.1416905133174104
-4.162200511145103
-4.357748854624398
-4.212106490589812
-4.539369634562333
-4.222545268525463
-4.145852027524312
-4.23126684710784
-4.180966370385922
-4.188598148970838
-4.204276850781633
-4.293385308903041
-4.512787503409342
-4.281235528939374
-4.204802240403307
-4.212607223219581
-4.2565074719457305
-4.203269657810145
-4.169779111419255
-4.211297285277306
-4.287210525117657
-4.412235761499603
-4.216901387131918
-4.185581977623419
-4.211191819671498
-4.16442289163696
-4.224594682304741
-4.186432473760794
-4.190289389050142
-4.241205648820156
-4.197104542165591
-4.189889347154476
-4.217071199488045
-4.405086828096603
-4.29826839484771
-4.25800649230616
-4.176388619225217
-4.1621267110926725
-4.259627953132268
-4.224429387790191
-4.214902914857386
-4.184032701869621
-4.216785811606399
-4.296407701629779
-4.210863321623491
-4.236454463578236
-4.173787559362269
-4.213146476953781
-4.207897940088827
-4.223578671646194
-4.362836081603871
-4.153052044251691
-4.244435747602367
-4.18889457553584
-4.406901965642696
-4.191761032825557
-4.159604617953124
-4.280900294234626
-4.215433028212811
-4.133292475582353
-4.222778558586225
-4.202980784050594
-4.304295343314589
-4.179589841963159
-4.192348892273503
-4.237482401982644
-4.134240298561975
-4.428956431353595
-4.173999984609387
-4.286931831167644
-4.163287125316995
-4.22948594667327
-4.234446515826153
-4.4206691218624705
-4.103607337788666
-4.171839515424899
-4.253327907121864
-4.323589195635296
-4.367127651522059
-4.260440935421099
-4.200468899934988
-4.238047066118884
-4.231846567053393
-4.28300863819445
-4.270859133994318
-4.276121833384992
-4.163889424852912
-4.181449547093196
-4.485640697419406
-4.202686019370201
-4.2708693196495
-4.206337923982696
-4.224559469980239
-4.203662758199319
-4.489789817448335
-4.142425778702368
-4.2354096323911135
-4.23567080220826
-4.21464227179095
-4.302522746156648
-4.151381467283424
-4.397595491744413
-4.262620795870194
-4.209564364745608
-4.158170907071845
-4.229490938497765
-4.396819531815298
-4.225973306914769
-4.223050958948589
-4.235398986892263
-4.172808107734451
-4.156252483509796
-4.166860666634987
-4.220547175585676
-4.200547217763698
-4.228259540928735
-4.202602881925084
-5.223776917976874
-4.206402271174307
-4.417383766881298
-4.275442908870906
-4.241045269366332
-4.220383659347504
-4.248630142303205
-4.23444378611794
-4.185502848570317
-4.226941706943343
-4.177429518247317
-4.336239290230167
-4.442232926123192
-4.219884190053141
-4.221403007563888
-4.170123631307876
-4.234474580364853
-4.267981025098631
-4.141209544670522
-4.135738526633059
-4.184298257736052
-4.152808195905792
-4.187047945492966
-4.215522002121699
-4.155561999664509
-4.190333118135359
-4.17402468548295
-4.245002681435992
-4.246858412002394
-4.179887310174406
-4.175209813331931
-4.201350344351032
-4.401170840378216
-4.083505460722397
-4.202284364256663
-4.207614306327359
-4.2082405088574575
-4.235938754230771
-4.330787565172888
-5.198384559828624
-4.144510271087192
-4.172708789273429
-4.159919879231247
-4.159758113326617
-4.140471860230453
-4.213607292071607
-4.207059225141103
-4.244983373950844
-4.2088842973340865
-4.19454263017378
-4.191538018681953
-4.336890328104742
-4.223540066304903
-4.155842323436679
-4.440029206167018
-4.197006137142602
-4.180954516318103
-4.192194689278708
-4.251835634309327
-4.243740054450831
-4.195866776255487
-4.315664941918844
-4.405582751277619
-4.217789754720767
-4.167278303769217
-4.193116206433429
-4.291786723614291
-4.215689661624303
-4.200492691839949
-4.209775774224333
-4.220203457714707
-4.21146983435757
-5.057283724914647
-4.29718647725066
-4.520932929021354
-4.261909982178584
-4.3011947903831
-4.405494682504495
-4.233009056103465
-4.185433842420495
-4.175933962909112
-4.194053755557246
-4.232339713849388
-4.21249550586414
-4.173732465804476
-4.230896756059861
-4.216622273378818
-4.478624756663436
-4.176247816027411
-4.243440615573499
-4.133978875032504
-4.217022420904263
-4.186980504342157
-4.186118986276899
-4.202964046269932
-4.273957610671717
-4.158868448599568
-4.18310011462205
-4.263351419052722
-4.202747932647735
-4.359697338663658
-4.213753901134375
-4.202557221020445
-4.182277447491393
-4.211152492187416
-4.222689327431723
-4.18019185860018
-4.408372221529632
-4.313153905699614
-4.488887640429392
-4.227547668391081
-4.185567561036622
-4.451518952880548
-4.191209304142347
-4.188158385951008
-4.1927804289982245
-4.1861622724063
-4.164983299988455
-4.22857625700698
-4.149863532772123
-4.171880701221011
-4.213476767055729
-4.270410959621196
-4.1691011045013875
-4.311986153089381
-4.151211340650641
-4.178759605964604
-4.2169551493113255
-4.275699727432876
-4.13851580736113
-4.14828589877337
-5.478195713708667
-4.251923641160368
-4.272946746178565
-4.183059596212948
-4.188562046303349
-4.22443055917657
-4.189264721351924
-4.1498057863631415
-4.236203612272899
-4.2209373194508455
-4.214952077921164
-4.184039912310008
-4.2621321616046774
-4.291361367221653
-4.199846366173414
-4.331926832850292
-4.465779712989458
-4.205987723660218
-4.201532614457551
-4.1217486965797
-4.245004774547242
-4.263902385672403
-4.199580651632137
-4.222700976637986
-4.361901179909262
-4.145649264491257
-4.311741868817984
-4.19890182371521
-4.132528631875737
-4.158692238878194
-4.182488136625795
-4.466486495672735
-4.194531925371182
-4.219232554792371
-4.189800914067195
-4.210070868858044
-4.266999958133084
-4.521001048937446
-4.328625152649931
-4.285126969747591
-4.376669541241076
-4.224519576856437
-4.290660740420485
-4.210911605636958
-4.208804329366034
-4.216376161740723
-4.0972046575245855
-4.1976896741241525
-4.1647729949537995
-4.2112981797771
-4.2316529272512025
-4.155304759234819
-4.177905598952771
-4.1471161278582365
-4.33599540073843
-4.099556142615309
-4.190497357555983
-4.183518193602932
-4.365669676607623
-4.3092907050273945
-4.212026069284633
-4.3629529585982425
-4.225087943364087
-4.127409742631219
-4.216964898900436
-4.215907555542899
-4.216222286333104
-4.221479012670932
-4.200074010533425
-4.172655387756958
-4.203983182958315
-4.200520610111312
-4.20338370596841
-4.178920218270757
-4.1458489428686445
-4.339395562017586
-4.249687595371803
-4.198313328434476
-4.172027904610139
-4.197497720939081
-4.183126852848905
-4.293696108254642
-4.203742760513675
-4.2283242096708875
-4.1589503540049115
-4.231156399772104
-4.189628458426687
-4.211539816690905
-4.305320398635007
-4.192042952272053
-4.122685522768242
-4.429986435987136
-4.209688330776369
-4.214963956897359
-4.189784668560875
-4.2105677148212015
-4.242908018986381
-4.228071355719075
-4.242955381925643
-4.233311767797143
-4.269882991304821
-4.351288697898959
-4.191218998798896
-4.123675183477218
-4.344176779642333
-4.205845992770858
-4.158270210509667
-4.195984977812277
-4.1928183288091745
-4.179503662125504
-4.2315419922930095
-4.222037355043072
-4.195304529862152
-4.207720653681209
-4.2946692813825855
-4.228127804519217
-4.209441076197064
-4.369135155059925
-4.531807277567003
-4.399446188738262
-4.22617658606484
-4.162477585655206
-4.187389603025296
-4.176409234956161
-4.20271848427605
-4.1608970448872
-4.2297309268853445
-4.183729481741913
-4.235886561411291
-4.1144404209324055
-4.099711917819057
-4.285807292579945
-4.183261282226891
-4.812969803370819
-4.178848208779289
-4.227065542761222
-4.432045322710226
-4.214208023025801
-4.202788640326697
-4.23815561515857
-4.129197895460213
-4.1705858085710075
-4.209265028668429
-4.247836193283878
-4.218854312262356
-4.168575365679014
-4.2400005155604745
-4.207535320563011
-4.244015698701615
-4.170418275041195
-4.144733760592615
-4.173108951466205
-4.202010339156865
-4.206852563080969
-4.209619810400989
-4.188506859299294
-4.112470503625772
-4.2179204087580455
-4.150225773863292
-4.209158400871264
-4.242285690133357
-4.369832633989552
-4.406590789052652
-4.245669140380966
-4.29763960479668
-4.2105396270175195
-4.19778053486033
-4.180949828951235
-4.289342414310088
-4.219848062003224
-4.186841178221486
-4.173295346677487
-4.214167999966494
-4.287423427866505
-4.187659007773041
-4.220484039236535
-4.206216023898797
-4.634013853914091
-4.211652555195307
-4.138196665582344
-4.18724547001924
-4.209643731629156
-4.228528273039163
-4.200769748447859
-4.220116910520656
-4.284275563271289
-4.29002268868598
-4.173097048445864
-4.182677143230158
-4.1965601149988485
-4.19462866375921
-4.209292524942403
-4.319645397480421
-4.168027414807096
-4.214193163140775
-4.416532474832539
-4.187662404219673
-4.273730893356348
-4.190836106372016
-4.178434916062269
-4.185721250288859
-4.19199657625068
-4.145979824718413
-4.308065570396114
-4.163985105211876
-4.21199330042687
-4.19077087352013
-4.198610999273535
-4.391264063171737
-4.193396291983876
-4.248706090935755
-4.1611053213662546
-4.198633871452666
-4.26018018946112
-4.188167977732558
-4.216550530598484
-4.224267904595304
-4.169715222996123
-4.262306125623141
-4.202160242921702
-4.157483840765167
-4.209408202911101
-4.211726950510212
-4.1049487074104505
-4.236624058535146
-4.366113088518422
-4.190542751267694
-4.174461358315553
-4.308028177218148
-4.228253716573291
-4.3171275682710855
-4.115524490885667
-4.1893324477529985
-4.225468357991032
-4.358111951531052
-4.164496925467851
-4.214664156215831
-4.205622878709267
-4.153847212215754
-4.130858930375266
-4.311603424223387
-4.197107996576123
-4.285290042007386
-4.252162360707675
-4.384662850751295
-4.185833424378772
-4.080222501312173
-4.2079570533144945
-4.278183965443204
-4.651880214050616
-4.206063610959473
-4.381070385372993
-4.291740467667214
-4.208027292500389
-4.143362284165134
-4.221610467379069
-4.221408127234961
-4.5714479141260655
-4.180313624650542
-4.165589847758647
-4.382799501345765
-4.1330103851160835
-4.2230937375568365
-4.2399050708955475
-4.198033320135084
-4.229470794458841
-4.201817356944658
-4.40755466381124
-4.186267071166559
-4.213515917437069
-4.238750416599132
-4.404065994295819
-4.267602189171039
-4.1695376168021
-4.559329204474948
-4.46893483299424
-4.661626779431004
-4.227761328178442
-4.23656032683274
-4.206250789001145
-4.216602730541185
-4.202676651332612
-4.229169708908164
-4.163533988492201
-4.24631925873476
-4.165838240634636
-4.210322821458528
-4.226311649976026
-4.203242500628464
-4.186161507201988
-4.1664323695823295
-4.20122005154183
-4.22347715883174
-4.228626364476025
-4.229448734818299
-4.257194213411407
-4.147678634915131
-4.300472047183812
-4.185159060738498
-4.158083943037177
-4.226757781401195
-4.159862903692382
-4.206952582284881
-4.218871097247926
-4.364570582606728
-4.317766254665877
-4.514975260826465
-4.31145430195242
-4.186505504809646
-4.188279037839124
-4.22722123537584
-4.221414378592681
-4.151078200966579
-4.160102234612315
-4.177999158363447
-4.139519300317209
-4.140418460725037
-4.293038409614373
-4.216211379949989
-4.152005670558018
-4.2042820083493355
-4.297353898844739
-4.175297811015486
-4.182217630143291
-4.217401757861394
-4.152021608937263
-4.140377573434788
-4.1792454748032695
-4.192476915978691
-4.048890061532919
-4.295158483676128
-4.169120178830392
-4.2172244471652425
-4.18094315198867
-4.194303856742296
-4.202399903941944
-4.184231509251333
-4.212165336576592
-4.208231783897351
-4.387478506559463
-4.51983417164608
-4.184797309842116
-4.289352411714833
-4.160954812582735
-4.152942347008083
-4.191956182276677
-4.207572298799663
-4.275367904782129
-4.122574746664564
-4.199700760609851
-4.478230500749307
-4.185441006790485
-4.197783631161424
-4.196751020121761
-4.182705668301015
-4.20118040332017
-4.20342864860046
-4.2041495350214895
-4.195972437738139
-4.134539665661677
-4.344047735863135
-4.1743443851221125
-4.198174633568693
-4.208460355341721
-4.213451737942539
-4.174278430649319
-4.2399574955554495
-4.201060565123978
-4.227680424847723
-4.216205343255482
-4.172404676514604
-4.191001042680954
-4.221591177727555
-4.207639908141679
-4.196840506800779
-4.174420619099231
-4.210912156182144
-4.134805403971009
-4.184227226215441
-4.2372768985282265
-4.383199655779082
-4.282922588418439
-4.167554261135834
-4.24643760460107
-4.177774582986037
-4.208316015033012
-4.195203183321095
-4.142184477734414
-4.328867160812988
-4.1764860365545005
-4.200301784780697
-4.19184459366616
-4.215543088498114
-4.219372863965407
-4.202550414660697
-4.193396541628811
-4.220666446588892
-4.2713641614757405
-4.217621770459228
-4.161117294956911
-4.143268622144109
-4.3966110726128855
-4.185627237585342
-4.196499454797797
-4.328652016964639
-4.185512055808649
-4.245333426953987
-4.165900483462584
-4.209188974619851
-4.202880926726528
-4.141510936367282
-4.259521252269711
-4.1776657078574795
-4.2531743955157895
-4.2622924668979385
-4.144316576978213
-4.255442095469845
-4.208369870721418
-4.198731834223413
-5.298013672193615
-4.16582916755001
-4.191076761738027
-4.112613657061762
-5.2955563393675815
-4.120375969482666
-4.138396603171507
-4.175674534564733
-4.202254095982846
-4.210058999844158
-4.196050164993728
-4.206912099286873
-4.274592439883403
-4.166688451217653
-4.127604094067816
-4.171958957417065
-4.181663393974504
-4.201285770967781
-4.174552939754002
-4.188527807826629
-4.2794293068170015
-4.252117576224049
-4.183570645910542
-4.225812851920016
-4.189625332148266
-4.187344318285388
-4.182732015371982
-4.169119770047994
-4.3108246081116945
-4.400106453028182
-4.172752714296823
-4.189032304146764
-4.212424926073311
-4.207705283580585
-4.393435687850283
-4.145984458356393
-4.200733163609361
-4.1671396614908796
-4.262097644034324
-4.285372555135246
-4.261978155867364
-4.171847184766328
-4.263616905018595
-4.197610775440391
-4.20138097433475
-4.18618418885819
-4.178646476336013
-4.176643601892816
-4.326361199427146
-4.1854241141946655
-4.1942484042612005
-4.196615087509408
-4.183734424662327
-4.1594148200202286
-4.299313556524751
-4.126942006080895
-4.180322530498
-4.203719568920338
-4.267805200962588
-4.177232277119296
-4.20224807128128
-4.2086916557219105
-4.250289710336783
-4.154508675741346
-4.179921009344891
-4.286245139406977
-4.206708322207126
-4.146175565146542
-4.207517873485478
-4.154922279516921
-4.180120139020069
-4.182337988939749
-4.195504960076133
-4.168652606435891
-4.2206163798068905
-4.4089741150687605
-5.574288932601095
-4.293481128309937
-4.208566002847934
-4.1711445975841634
-4.24618268081723
-4.374191040367233
-4.212474391163185
-4.2006890133239825
-4.1880395201213
-4.212583900355388
-4.2085143369203015
-4.148988527092092
-4.370499295298547
-4.208370431404131
-4.190991624736195
-4.275082314463677
-4.192086747189499
-4.194026556155835
-4.2004600326240915
-4.261134013033894
-4.220727684063311
-4.115422757433375
-4.138432915108325
-4.193366532283724
-4.213239550109464
-4.155236096313208
-4.238503873207253
-4.208714349730233
-4.104183951164378
-4.277856636715282
-4.300038014986878
-4.179061334850707
-4.241610025495766
-4.174685545752084
-4.15526736924696
-4.183627098945507
-4.216316002200695
-4.413368234708855
-4.231294316980015
-4.196819635103772
-4.236076648758355
-4.206255473187941
-4.13390976661395
-4.421993002450346
-4.1495225331493995
-4.256807690856568
-4.189009469828059
-4.265079364390044
-4.226968516661677
-4.124006188782533
-4.187498474585815
-4.303787330398222
-4.178656659133651
-4.2046381264787165
-11.913249113986716
-4.192333823972582
-4.17263414533601
-4.219276406745544
-4.241839370358013
-4.199580900438804
-4.199547598016477
-4.633500975197111
-4.1750559427326115
-4.2166552896954785
-4.32486886968326
-4.137963106872605
-4.283299852231015
-4.172527479578992
-4.1964954872601306
-4.162601003832931
-4.551701126030724
-4.204099814795805
-4.209156098161925
-5.2629809959673395
-4.177254800321528
-4.496125541227038
-4.211880173351452
-4.2204214881117315
-4.297685695271363
-4.217398205675353
-4.171827548818197
-4.269058807758675
-4.289699255659104
-4.191283022223889
-5.390707856292431
-4.236694627545937
-4.188487193947375
-4.142920304931933
-4.235159591950996
-4.39330811191023
-4.206750838810227
-4.412814883322132
-4.294843418619522
-4.192135020831758
-4.289783471311139
-4.193289861487614
-4.1212506704736755
-4.1862166321116066
-4.196833429853636
-4.219654731286153
-4.23312660902619
-4.29127079285614
-4.235342929389928
-4.272691316974131
-4.241068269277164
-4.176453870586736
-4.232960452840244
-4.375273974417418
-4.194546019757734
-4.21639001113797
-4.217388030961007
-4.20381082710213
-4.1989673761367605
-4.195948782491193
-4.167697789201701
-4.183328306614079
-4.197349260941917
-4.20306411120675
-4.239808585363112
-4.162057231642154
-4.209595230744241
-4.207942669499135
-4.172345658546979
-4.2718654119885615
-4.165161099165013
-4.209625035446305
-4.217817109619616
-4.1511094424441
-4.234444732950131
-4.266400151243554
-4.2113156815681725
-4.464738330851069
-4.3199439451228
-4.4132323950401835
-4.4266076416381575
-4.202037420051293
-4.215627663529122
-4.176512000111864
-4.1795413200642875
-4.280487268152232
-4.144565807539517
-4.167470630041116
-4.250605765409308
-4.134172469473199
-4.207675489496872
-4.355753792177828
-4.172964544068658
-4.261070933813031
-4.26022418865003
-4.265405192511178
-4.1929496183307755
-4.204719408371497
-4.211863913432356
-4.187394647746286
-4.192635920145568
-4.550289180088947
-4.198289454641955
-4.200522064169122
-4.201540879970123
-4.391636440971078
-4.1228719072218025
-4.198025890844883
-4.195745854173929
-4.187965323917081
-4.198363273420172
-4.1782354464666245
-4.210109895438421
-4.104702365879291
-4.193895230382353
-4.160925372098501
-4.275377330367966
-4.178917702258503
-4.189382121370236
-4.180084679067312
-4.287959680172282
-4.125080481870716
-4.1593775781963
-4.178501314165808
-4.2222879495797905
-4.181047059325091
-4.258395182826942
-4.208859423538362
-4.118062428712718
-4.214885757241084
-4.278638610945152
-4.4021172042252585
-4.177408516686154
-4.2107416647682205
-4.2090729588944535
-4.1813491036861
-4.143026542870324
-4.391226218417982
-4.2015844318587865
-4.197353730688552
-4.231707245210176
-4.186503074456696
-4.129248999411371
-4.212490762631631
-4.202120593179903
-4.522100768128846
-4.23277587142254
-4.118513299764184
-4.236454905875574
-4.2246711172586595
-4.193006301098603
-4.166683395295453
-4.19197843959303
-4.218954725072516
-4.188759494248431
-4.252389650704545
-4.589664796824729
-4.1828703161338
-4.188171708246609
-4.191471467827026
-4.151577746540557
-4.283296854003837
-4.178121678144978
-4.260038316397339
-4.2020557750488265
-4.220717394261105
-4.207171512972594
-4.292119502272399
-4.366387869894979
-4.396560610634527
-5.247208156487659
-4.188671868271138
-4.135978776676252
-4.219986745753054
-4.219468431701569
-4.185675880304141
-4.147149369634768
-4.365566796695165
-4.200390069858757
-4.161901503170148
-4.2340496727284584
-4.20417604351004
-4.160061987641111
-4.180220702778263
-4.294790098918993
-4.20544509960777
-4.271954977160727
-4.165837711286882
-4.552150104827214
-4.147162157199923
-4.2083466056915
-4.194153893226458
-4.124689714219416
-4.194660143884911
-4.2333822836263275
-4.19948890638255
-4.184688064515266
-4.195513638487141
-4.2138627200451815
-4.136861531044857
-4.196385332966357
-4.219495075575444
-4.193486407500323
-4.151671817349647
-4.270947296028194
-4.174227011611866
-4.1921177259023015
-4.172327213205186
-4.185095020355579
-4.14272964516669
-4.18147394964442
-4.1520667870920684
-4.204860983247131
-4.172655226892536
-4.18645775688006
-4.194749646962763
-4.302219883967577
-4.179551834222876
-4.289797369716201
-4.2519383940192785
-4.580500658803805
-4.207638966658947
-4.28960665000165
-4.215283971749859
-4.194362188522025
-4.1752390397359544
-4.191823939126863
-4.213185123254299
-4.180490353404978
-4.198465542570206
-4.188966160146111
-4.203733727735334
-4.229041993737982
-4.193216614970553
-4.23084621564356
-4.210043365636573
-4.221316959650585
-4.503932927210017
-4.198953770379594
-4.190010103738432
-4.206911513764087
-4.2075834182833605
-4.369437715081125
-4.189553166729227
-4.273476011361748
-4.18564748547498
-4.205439852354109
-4.189060532190861
-4.239884647449023
-4.290873025771793
-4.211203633912971
-4.5093090441185275
-4.330099318136668
-4.177230424453259
-4.206978621540766
-4.192003070592492
-4.275026866135506
-4.177586222980593
-4.225157334586336
-4.198170587661993
-4.195828274951853
-4.215374330773761
-4.211665193139173
-4.1557259586939574
-4.157411053866044
-4.206806148369763
-4.227923142144219
-4.1638089372738545
-4.24527762295339
-4.218542042100449
-4.2125787056150825
-4.193052211750314
-4.19498050429952
-4.193586331809941
-4.572997818186196
-4.146548841480732
-4.528666946954156
-4.167062231217189
-4.197918525874812
-4.113516319940829
-4.367335268072129
-4.219236166189037
-4.1993442480839045
-4.202316820987821
-4.177974538642788
-4.210206636487152
-4.20114677274239
-4.137608673989053
-4.120051135880082
-4.269374710533128
-4.252883993276934
-4.163058959258515
-4.204160584610097
-4.131473616864591
-4.130420678517806
-4.129085186915766
-4.275972566803791
-4.204459933140422
-4.253546088381708
-4.170210452703194
-4.24723880545771
-4.199129706262587
-4.224689915219798
-4.191373607496886
-4.25024853861761
-4.18794953505377
-4.138325431456723
-4.241238014897632
-4.180249686627633
-4.144844319321488
-4.216868258287399
-4.2047311134146605
-4.390116833158044
-4.217207449429933
-4.17645295741689
-4.191364725015003
-4.2141092936171844
-4.23417230796933
-4.347998436587084
-4.3966401425404715
-4.119419894736162
-4.218409803237668
-4.262560418037901
-4.16570437426985
-4.184551782107679
-4.200924977271629
-4.156507268709252
-4.189274995149647
-4.204955398427417
-4.366268510658986
-4.20234268646655
-4.2115069131510445
-4.205653327956764
-4.190271105436633
-4.4292669105265245
-4.194975088730536
-4.221721951594243
-4.183715245753983
-4.179667598318706
-4.273818086834122
-4.2628180746207756
-4.143653142262163
-4.150131136065575
-4.179726436826948
-4.2215416333294
-4.166480484141295
-4.254679521195434
-4.2636421479444175
-4.207745118009441
-4.187990910182695
-4.315088292343178
-4.3373327059903
-4.189561443863564
-4.145061633123382
-4.171675016013417
-4.255193305472434
-5.484368437386091
-4.216377804100606
-4.234292092693188
-4.1928378047546255
-4.174859250329257
-4.166948267868433
-4.272172210284511
-4.227117823782078
-4.375717199757784
-4.173678041447364
-4.122905785092963
-4.191994244583197
-4.184479110083941
-4.207348014699417
-4.261374159419451
-4.1650355340734
-4.163834547428183
-4.214381745755281
-4.133208983847438
-4.228622833839316
-4.175258615179944
-4.215189077507363
-4.174419442107969
-4.201207444427094
-4.2176704982437085
-4.194783644375686
-5.083711366793063
-6.793221117075296
-4.162806959178387
-4.164060692576759
-4.1633241580913065
-4.139858247607057
-4.134787931444425
-4.171772323318061
-4.409359396695652
-4.109544323048382
-4.1891357222675465
-4.145667741706697
-4.370689381062219
-4.194583990635065
-4.212560431486937
-4.227405014767171
-4.1986450513522335
-4.197837730226715
-4.16531226713781
-4.444297899528276
-4.177197739714637
-4.15017345605937
-4.167890633703879
-4.186432364958479
-4.190430146727697
-4.408671903719461
-4.220964574932043
-4.188652687895349
-4.149335841173381
-4.1870641359551435
-4.2434396432947015
-4.213197830523128
-4.3770088309673785
-4.183833085011918
-4.172728607529484
-4.249403418261918
-4.189103393793114
-4.23079474321748
-4.188936857342777
-4.213462355019654
-4.162458512322455
-4.250835989137739
-4.1916783739605235
-4.236543816713311
-4.33906812204241
-4.117414439658885
-4.250459023014285
-4.191501713702046
-4.195233949029478
-4.128465627252745
-4.185800141521532
-4.272448599879467
-4.148956985435882
-4.237639299478065
-4.226462504046206
-4.1615520057259685
-4.183224560573426
-4.2619249773696835
-4.199821700760287
-4.212682640072437
-4.164524232898186
-4.17086612633365
-4.130468301103489
-4.172895297961886
-4.205602687279235
-4.212043985946963
-4.211693572529377
-4.2282963695937275
-4.153625980295462
-4.1994045601957115
-4.135464983742741
-4.146772209845787
-4.178700084061057
-4.201101125344566
-4.234229046741596
-4.191517932078595
-4.264236485381408
-4.137875552837971
-4.1965548062872005
-4.212628613744209
-4.200540547789844
-4.2753853281985394
-4.174867171956544
-4.258440985822537
-4.151066360837016
-4.255491627713779
-4.224316741732778
-4.241339135360157
-4.232552897267028
-4.1826791361999085
-4.17257170198978
-4.246051430813009
-4.172417031605741
-4.277460431037373
-4.193266198479117
-4.293391482404786
-4.147770782626987
-4.188479020694423
-4.206324212941583
-4.1948809723614495
-4.214877735820914
-4.191524525817146
-4.508278865481697
-4.29281017048671
-4.282743426683532
-4.171565521758158
-4.192187272563504
-4.201434844724793
-4.145307709933027
-4.186941694349317
-4.174101799267667
-4.6373904096660565
-4.190752759026127
-4.156060030992724
-4.170985251322806
-4.1943082201246895
-4.373403100052564
-4.2057275574986335
-4.1835647375711575
-4.174870594808178
-4.3997281895129134
-4.194357489689003
-4.17327980211955
-4.245279681535999
-4.194232892481062
-4.163353378353218
-4.176498225792752
-4.205505336777038
-4.284153361280513
-4.161212028822419
-4.159915525365658
-4.193067982025763
-4.137946481987671
-4.152007936132734
-4.226966980528181
-4.269983948473395
-4.158672734818165
-4.165021759752273
-4.184917753668281
-4.294255835192628
-4.210840459389213
-4.2270219933934525
-4.205711993964389
-4.183088108110032
-4.206169271755989
-4.175107363094622
-4.292529497107364
-4.275637882479259
-4.164952123241728
-4.16299630673458
-4.272852608903435
-4.192504770740813
-4.194232140474105
-4.313312434362058
-4.214288760119902
-4.175080775455337
-4.1632998240811165
-4.2344212613213115
-4.15102468199065
-4.216122357186543
-4.206737853701831
-4.213777437135951
-4.226539545115637
-4.2227664600237675
-4.201169944525551
-4.190108285110088
-4.208687086754808
-4.247876036987046
-4.209320784491007
-4.196670849064842
-4.152705936142902
-4.117687396855189
-4.188143041670147
-4.368960456027234
-4.254364225877443
-4.206841120298887
-4.199931298720538
-4.218769980961985
-6.682026035374142
-4.197918654164222
-4.376775579732913
-4.348303186643504
-4.107212456157182
-4.216285757582629
-4.150894425505184
-4.26774925681642
-4.168222906066514
-4.210338863187557
-4.196714413905944
-4.157854410454036
-4.163684423096045
-4.207141186023405
-4.137051451661447
-4.193289850244521
-4.192836967363624
-4.236205124186987
-4.256534969108811
-4.172201355005361
-4.221794871651455
-4.224299638354914
-4.895955442722986
-4.150810940911186
-4.198720492379675
-4.194965456891346
-4.168547023714029
-4.1642202879339525
-4.182722973293849
-4.19048381640994
-4.228713809700103
-4.2075638616387385
-4.2607387072911465
-4.208587735350928
-4.171893965659462
-4.221906626260519
-4.165798972976542
-4.185488221631129
-4.258819586582071
-4.1891561638167145
-11.853075188764825
-4.185501845227067
-4.205346057336909
-4.148649374086807
-4.211315595637417
-4.141751753548776
-4.228267719431504
-4.4389209123461075
-4.142566098098185
-4.223870419624079
-4.229688589760474
-4.30090114829261
-4.207000715813913
-4.209857976094411
-4.1864345624575865
-4.238941163511571
-4.19206694502344
-4.259895059354264
-4.306828188023878
-4.221829446381967
-4.191011683876418
-4.160406940182452
-4.25619571914411
-4.218225359056936
-4.20476826472628
-4.276979600003835
-4.1769096056040365
-4.400554742262852
-4.540543431127636
-4.11087494912559
-4.1544321606652765
-4.2215045160243605
-4.1923867569965605
-4.186423289535977
-4.246977585077499
-4.3409008688902
-4.2320725671249555
-4.1950859436108265
-4.247825331012368
-4.133783435054968
-4.178791643664343
-4.217139073845262
-4.229758749831656
-4.156675717567846
-4.101785311476645
-4.213499756811092
-4.201249960173023
-4.288713587465386
-4.20262824553916
-4.276732835206317
-4.205717923063146
-4.20078801441138
-4.161217177482436
-4.2078977818283905
-4.256083224002178
-4.2177792713064175
-4.1359842962106095
-4.482677576760854
-4.248086025738465
-4.180366239004253
-4.201754447344465
-4.18846669292332
-4.185174812714669
-4.419104520180925
-4.20985453358571
-4.298577606654099
-4.165288343378728
-4.188528093422369
-4.277887103007797
-4.1565010874512325
-4.30183077357436
-4.388737286026775
-4.175640089058284
-4.204679556061328
-4.192508329075974
-4.281211189050041
-4.19285204941163
-4.192589674554022
-4.1570192837517075
-4.265695283150502
-4.27771871263437
-4.205805307088971
-4.239790126222931
-4.172397212094277
-4.40167035677609
-4.221810485968731
-4.205986095643037
-4.306788517347084
-4.265120700979143
-4.238872435104977
-4.172573780346091
-4.207184897470295
-4.1611116019641425
-4.225798977461634
-4.208142746368462
-4.195794010743996
-4.209768792957624
-4.215809641558157
-4.322920017758367
-4.178183673906789
-4.171185355070149
-4.2364313346422104
-4.174419876909001
-4.3250318205487925
-4.1723512032980725
-4.196803708680913
-4.178620704769982
-4.30441461195229
-4.21757995492164
-4.229933374261839
-4.202545905340454
-4.261227242489867
-4.146914625182388
-4.198713425107484
-4.165141030886778
-4.2812692508645585
-4.179194939467263
-4.220658375805888
-4.1132431712953945
-4.166261454392772
-4.299517054477417
-4.541754614650808
-4.295070722098311
-4.198972377295259
-4.238035630525983
-4.2228371500290525
-4.191926408623872
-4.187461226311836
-4.2453645982723405
-4.180438144996688
-4.113360683377581
-4.216737229999884
-4.170986667092907
-4.15922404491901
-4.21826168479736
-4.187133761921976
-4.207553832377046
-4.473071894062808
-4.185790526038745
-4.219265093236606
-4.240377723822257
-4.170023254963667
-4.205261898644436
-4.174551510881989
-4.383963111810889
-4.179958378093997
-4.160156242182605
-4.195403284965519
-4.179017050050431
-4.178204848100737
-4.336567114293899
-4.2686901818131044
-4.136718775173659
-4.198693287738168
-4.162101882196036
-4.175313701368802
-4.39002261151078
-4.111292962213971
-4.169747982654763
-4.168665767979651
-4.2020408842939405
-4.102929683408896
-4.16587060244856
-4.467847985511639
-4.233248902306908
-4.25496865831913
-4.157548889598389
-4.198994469882361
-4.159967063051596
-4.2011166042631025
-4.220334423400083
-4.157985490804645
-4.185337515926885
-4.155077687557836
-4.1777175141112215
-4.203892925486392
-4.19037402206036
-4.261161135627411
-4.165464704325265
-4.197241755216004
-4.139207578709356
-4.233057217189156
-4.216567672590702
-4.180110648971884
-4.28428294346818
-4.173756523348772
-4.210013290942849
-4.232007065286206
-4.19032661208912
-4.190970856222847
-4.156297716858574
-4.286612151219755
-4.212497610980186
-4.194578307966745
-4.209725860184993
-4.156935512816714
-4.2245814541838325
-4.1494611723408115
-4.206281470645953
-4.184421691719811
-4.173013874808524
-4.175289783183185
-4.204842275165516
-4.152643353594473
-4.174960120587941
-4.145559704235177
-4.209712763794962
-4.109233507605168
-4.176356743720673
-4.1304750862414865
-4.179247367266414
-4.367896794379861
-4.409857060640429
-4.267672066790497
-4.163525577875803
-4.1640305675918965
-4.17168860617453
-4.137641733726406
-4.207152549676907
-4.219456607870621
-4.150826007816078
-4.1779177236664555
-4.3789924267831015
-4.162959482749536
-4.184787761582486
-4.214602069472681
-4.137774005344304
-4.268626113865169
-4.149813413321692
-4.173414319344753
-4.142271309362984
-4.243874979388374
-4.115267458474332
-4.177138659323571
-4.252793624202556
-4.228168718935544
-4.187506735202108
-4.188867839782492
-4.180876352740587
-4.2041603135793615
-4.182708969808323
-4.453080872365327
-4.2086102025750955
-4.186876116524952
-4.181414205109865
-4.182017333266665
-4.176680332678011
-4.168840353407167
-4.2024532848033385
-4.280786698870135
-4.192130863241035
-5.305459755432722
-4.104813782346675
-4.184987528108345
-4.1871801957510915
-5.255634340045501
-4.131901408700528
-4.145884061786423
-4.200411000705692
-4.254117418663479
-4.153065508860419
-4.160340977547156
-4.140293694205277
-4.179207247819384
-4.2194160526194775
-4.272314310099835
-4.189367432957823
-4.09279432045328
-4.554545877450884
-4.193848339863641
-4.560542229283502
-4.396722299540503
-4.144420952907707
-4.162892452052884
-4.24915413387235
-4.242741918554061
-4.166707324282111
-4.14616117780687
-4.161337002953784
-4.106169677268937
-4.129832369601096
-4.147179029289214
-4.186303079618439
-4.178103915032352
-4.199979344898318
-4.259293289863079
-4.206461016744749
-4.136164616627782
-4.201412991082678
-4.223498003795738
-4.169538054125831
-4.3094944272981826
-4.2835179033887885
-4.19938317530537
-4.194739642848116
-4.148125697912574
-4.197666431291189
-4.302044148152953
-4.108617604663617
-4.225376250204018
-4.2200429352797775
-4.167207430893589
-4.192647677313584
-4.296566272881049
-4.200131221328353
-4.292458846008896
-4.238314532563078
-4.117179041883847
-4.16527154001408
-4.189936820766511
-4.196309051817912
-4.172331939140114
-4.171961143245881
-4.1638541392352755
-4.124599913989336
-4.213760452350131
-4.197320239267407
-4.150133904868455
-4.49782852221872
-4.1987861137062525
-4.200876130418658
-4.215543384493347
-4.167661869663065
-4.142530716614172
-4.0779380042145394
-4.139880474490832
-4.266281627489246
-4.197922770654896
-4.1285957286049735
-4.146934488588958
-4.203182004952925
-4.194621788618652
-4.146843730739971
-4.3610570906401875
-4.236715744391668
-4.190794833190512
-15.315727312539723
-4.172455638552158
-4.225181167116449
-4.170123680647088
-4.193028183468675
-4.36117906510586
-4.291260831914342
-4.211818845423567
-4.191498540502246
-4.315418528899773
-4.254427583810516
-4.21599205008258
-4.172894730190565
-4.202835421854461
-4.355597967770665
-4.226387124644302
-4.26665780845225
-4.239731988036981
-4.178530518671347
-4.199678658771111
-4.25845614191076
-4.256895792902091
-4.6057160443170755
-4.173721408454886
-4.167002193182933
-4.182602074998456
-4.15857943226696
-4.226847983633959
-4.235566289655373
-4.188832051612958
-4.296089178310169
-4.184995007123824
-4.185530254352565
-4.1714356463900915
-4.098456237466874
-4.218844344588494
-4.609833577559477
-4.398625973799106
-4.213268282795341
-4.207199344683698
-4.197286885341127
-4.249836161899902
-4.161641938985383
-4.236781374491609
-4.2940942096736565
-4.1583319020830585
-4.208085543857793
-4.19345841107615
-4.2428723870378695
-4.454422116256003
-4.200526584962493
-4.1946674253413425
-4.239872201608338
-4.184693428220188
-4.259569903353578
-4.2451590843638005
-4.226084226201387
-4.089410153301232
-4.187142170061158
-4.099370428541787
-4.234374009918415
-4.287834856583676
-4.178342787756012
-4.235266160553069
-4.418422422132956
-4.141267736609249
-4.256430301467496
-4.308942083735011
-4.19172819104046
-4.131453903309344
-4.312055894698881
-4.2395970722182375
-4.230058288156905
-4.223580990237464
-4.189471248404167
-4.210810581652061
-4.203904626162668
-4.1740595408205685
-4.20342118962589
-4.200789531222681
-4.2059938325189234
-4.197007138899832
-4.391067516409121
-4.710727641995358
-4.212166945808867
-4.196074020303437
-4.222158783321008
-4.276538915514578
-4.182508848673169
-4.282415008720726
-4.236879766059939
-4.231370377241019
-4.22521334502801
-4.261406133348954
-4.294756452969267
-4.15691774204091
-4.203747060965162
-4.197663859049731
-4.192033040848934
-4.2144704073498085
-4.2269922011886
-4.200754929375005
-4.196996122642229
-4.180209250033275
-4.21244586389785
-4.229230992266113
-4.166929014986489
-4.214188440986403
-4.201346247150041
-4.301215120876352
-4.197579474701364
-4.127178471154313
-4.26339027587028
-4.2068462294726965
-4.192692455506453
-4.126713953316914
-4.210375016887573
-4.237061317527701
-4.230323398575798
-4.191158622469912
-4.220274715762718
-4.181154742391506
-4.158300161583287
-4.149837633288988
-4.199508663159778
-4.206141560737233
-4.2040796466942805
-4.186715318496626
-4.247313768212363
-4.235873626111023
-4.216955572720724
-4.227028987715414
-4.207308729450367
-4.187597302624283
-4.104238398046241
-4.187180967008236
-4.229126418047796
-4.113019959643042
-4.16459521076412
-4.197051084989384
-4.218154396584666
-4.207272304653564
-4.218133503698597
-4.214750470591057
-4.492324203624969
-4.239041953174013
-4.155777620969534
-4.225522164414054
-4.205909063723028
-4.277692738619799
-4.131381762568304
-4.214806288431368
-4.212910596548682
-4.240682902031964
-4.2163404347636675
-4.1805198558313785
-4.467750233932576
-4.18723069958687
-4.244885893718657
-4.196070545769548
-4.323570041869946
-4.191742539674791
-4.168809640180536
-4.19230155380177
-4.196633209807935
-4.206107342102902
-4.11574119829372
-4.174253624876565
-4.217559576194453
-4.209916281723003
-4.207672095505931
-4.199980829248394
-4.204328273915471
-4.251140008622439
-4.168376314520366
-4.159484785088442
-4.217241744530678
-4.260486350116111
-4.20500195200816
-4.167502498065696
-4.135118418056474
-4.179168881423574
-4.187012523143684
-4.1670883197417075
-4.1954196546334686
-4.220285013135196
-4.181919930269822
-4.145136519425351
-4.207592390282399
-4.224592182525795
-4.305685395794647
-4.1868042560038
-4.2102274962186845
-4.196493124010746
-4.135489652311619
-4.227131316085622
-4.223637075421351
-4.168817403826087
-4.278008461052267
-4.206463069697366
-4.137685756322629
-4.242147289257291
-4.219194597508053
-4.240726284630211
-4.572074472225982
-4.168103538692523
-4.18272286255669
-4.194420744287116
-4.3263102874305375
-4.353189499344696
-4.152248118570539
-4.17661398250736
-4.161008947607866
-4.179994849004797
-4.191629697453128
-4.236817672479616
-4.288145503874584
-4.391255968072995
-4.221141667328505
-4.164623510677393
-4.1865743169153635
-4.187711416343024
-4.207170800900442
-4.206566660812972
-4.224584699597773
-4.149239816604498
-4.352870112246374
-4.282923119597788
-4.200207784467447
-4.172923334722481
-4.22468715650862
-4.399420065192455
-4.170768174030158
-4.26712349777685
-4.1582914854454485
-4.133997620630764
-4.190453877710559
-4.1898666912111615
-4.22028860250669
-4.161157598411855
-4.177636926753746
-4.196624078048914
-4.209785665023716
-4.493382186358101
-4.221053744116832
-4.189037126885773
-4.16772422444927
-4.197317040799862
-4.162410989979373
-4.147859418872408
-4.4014957992101875
-4.1546334309921935
-4.161253949542627
-4.270785088398536
-4.148620346327898
-4.207894315746046
-4.272598857920518
-4.1887105813652346
-4.208711492213636
-4.211495712995152
-4.1307099832559375
-4.16152172176369
-4.180799879571655
-4.146568268450167
-4.21668893421401
-4.202536492932505
-4.157358423066247
-4.716117604440852
-4.181830119186135
-4.23428414935391
-4.114908737570036
-4.286312850951602
-4.2480270966407385
-4.139298892590015
-4.375326595531034
-4.145531781192108
-4.141977332571352
-4.198545813463252
-4.264225582076916
-4.2143168563758575
-4.157453331997784
-4.191524741555779
-4.156344764952235
-4.254512380379829
-4.2008479544917305
-4.190537473494152
-4.198278758245442
-4.27910308696794
-4.275286149019122
-4.234038730301317
-5.746445282503778
-4.195451709864307
-4.188172052970492
-4.119159232270634
-4.18288563337599
-4.1965159903075
-4.221847625929809
-4.2255222690173815
-4.1232232579234624
-4.171422649905186
-4.208504288793355
-4.215589326447906
-4.229945969636536
-4.259236910093711
-4.175568742479457
-4.208647477776241
-4.2243156400264645
-4.117610894662755
-4.186833857461803
-4.229726752528839
-4.191270269294528
-4.604428053430704
-4.240668422796839
-4.164983982241196
-4.347086546000623
-4.28368872385558
-4.281474978816665
-4.271537006275457
-4.190702245622333
-4.261370305945994
-4.196114884739607
-4.188372407219727
-4.151694119809123
-4.194698200672672
-4.2092970939345715
-4.209750526883583
-4.252666234174578
-4.20809995177555
-4.406556071603706
-4.279344925006019
-4.443890714280668
-4.186968614062082
-4.12426006612022
-4.144348587702511
-4.204810545825244
-4.171631413729971
-4.269251441516966
-4.1463374505812896
-4.384945427601197
-4.235467108291281
-4.197701791039041
-4.190845774268384
-4.146982775391852
-4.194042506415315
-4.211669413025531
-4.2071494134648955
-4.221938821682834
-4.135342987619625
-4.1835723315707884
-4.1712470353257824
-4.167993799726743
-4.2100401973521295
-4.16209641915824
-4.190001480593024
-4.187557256079252
-4.19879248602791
-4.202055303849527
-4.153054387988491
-4.1766945509561175
-4.18326880484618
-4.20251233204404
-4.108354670846865
-4.173222011485019
-4.239449657659936
-4.134813046714649
-4.157117077997707
-4.214249332519478
-4.192048663900206
-4.165815388610453
-4.153467745427844
-4.183268020454056
-4.22467621120762
-4.189361592306541
-4.2891247140347755
-4.205725804210149
-4.145667269345997
-4.225928990076427
-4.201865323478937
-4.143954435877612
-4.209873780847624
-4.177237462629651
-4.238786510266498
-4.116521720883395
-4.1756952384636055
-4.1319833617902475
-4.226883487687774
-4.159975359299517
-4.196423652297842
-4.261594581605766
-4.208085959768667
-4.217927978300898
-4.245229570064306
-4.419811974828858
-4.21593681128754
-4.531528048826204
-4.125172828192303
-4.127787120228676
-4.232831046670814
-4.21777003484171
-4.179103310276584
-4.2098167198897345
-4.159504571976125
-4.218897330566509
-4.318801144333095
-4.203660667823997
-4.194585789968431
-4.1966562757132575
-4.269215126693395
-4.293277195043497
-4.210942162941228
-4.206040038629319
-4.167650067572441
-4.171312619899623
-4.17249458948438
-4.199034005651641
-4.167994004082453
-4.166628791192565
-4.190338042766034
-4.2308880304938965
-4.201200965534106
-4.176914694734474
-4.199995162234311
-4.23264131842325
-4.188798159671589
-4.211186091676939
-4.187831881146529
-4.2033041254114405
-4.200687936231322
-4.232811918766214
-4.277495468737068
-4.204952383526631
-4.17714829789246
-4.187062945131432
-4.195511220995442
-4.368733107850966
-4.241695005529498
-4.180741794704733
-4.20746399843773
-4.2643736664536025
-4.186901321307984
-4.225125372736429
-4.187766741322223
-4.234448501925702
-4.128890738058637
-4.182673595236509
-4.197848592714892
-4.181875597495538
-4.187486470581835
-4.227368601442911
-4.19386267071882
-4.166348851808279
-4.242066991541103
-4.20466048138113
-4.2556365245387475
-4.132534516823142
-4.188104077920181
-4.190115210253282
-4.205283716984261
-4.14021327440504
-4.171108606717389
-4.222051683748908
-4.26654937916748
-4.1855573041149965
-4.188684675875238
-4.185699729771604
-4.2907833491288585
-4.2019552260305115
-4.188907750064064
-4.172747737182762
-4.133601888899511
-4.293900187098526
-4.163807529311104
-4.186476589855359
-4.261817372852431
-4.213483651694745
-4.270476366776516
-4.2118336513144685
-4.210832147716738
-4.195088010243776
-4.173922085525852
-4.195402769352234
-4.201940435281728
-4.13297178291311
-4.208079225014527
-4.177295675993965
-4.1742698171253005
-4.202094118903523
-4.180385834653728
-4.1740661321332055
-4.17092420570389
-4.1719796597729895
-4.198508689177516
-4.261292906212378
-4.486955362641444
-4.2788608102091406
-4.2042752249009805
-4.143619970011107
-4.179729213958825
-4.129655696033681
-4.189462960022652
-4.206143452735981
-4.210266555674548
-4.215586996141082
-4.404746362570164
-4.202626645711032
-4.180541331953844
-4.165647603934952
-4.366016505558788
-4.186413274882696
-4.243377235115112
-4.390269504808159
-4.198134917179707
-4.2097536354933585
-4.186177487810289
-4.247759951240178
-4.192942612424053
-4.199858389256016
-4.183511946784316
-4.274963043054079
-4.126078300791363
-4.1978426867861645
-4.192590936540737
-4.238530653552395
-4.34921985329747
-4.159055295891583
-4.176214429979944
-4.172197853117034
-4.165303660466797
-4.174969025461018
-4.211983462868955
-4.216143443411327
-4.395734115817462
-4.173810601014745
-4.173421775653426
-4.240874896135217
-4.149336817593358
-4.1896147560300285
-4.199044525511815
-4.16021794956391
-4.389378245330461
-4.218747058940601
-4.205457949760608
-4.198744888928877
-4.19869865950203
-4.202884545581045
-4.16908480651536
-4.163411921189656
-4.206858961527441
-4.187543888276441
-4.190707507849307
-4.207228143737843
-4.200895837585106
-4.19468032963901
-4.145152165370594
-4.260768488744506
-4.180997917346135
-4.142332499206046
-4.256800520838376
-4.116311653013027
-4.17318799244479
-4.160201901374489
-4.205295754030714
-4.170301490529492
-4.2036433139808125
-4.175860743883387
-4.256922308077526
-4.171331289136391
-4.173602585384533
-4.276572226244389
-4.399771826018
-4.250822814965186
-4.177133682651101
-4.147878502157572
-4.1539755541645675
-4.202611457400054
-4.275074678400442
-4.1750704194831165
-4.1497910969336225
-4.173038871402743
-4.1764114347887595
-4.20149963453079
-4.185472659281358
-4.165616867321005
-4.206469265978738
-4.195899253660335
-4.182795015926518
-4.2017801100114385
-4.181021144292623
-4.1821825896994405
-4.19128241417571
-4.1868384961750715
-4.16945253946725
-4.115701837610947
-4.13428074175437
-4.207267990989331
-4.216727705314879
-4.222105185354234
-4.1488638444310535
-4.149222005941028
-4.164687921780186
-4.162801447597557
-4.205737697744473
-4.283148533100165
-4.152549565643971
-4.277481712122827
-4.257473239029967
-4.151733321352333
-4.171331424878031
-4.121246405462625
-4.162263732192796
-4.174401407352303
-4.441435574319169
-4.168403537978391
-4.127832423508852
-4.177256342744824
-4.1726826235266445
-4.202136877078427
-4.353552266624866
-4.158174896722112
-4.169142727621221
-4.201151767566116
-4.194906807208697
-4.183557058871376
-4.894520981438496
-4.18618391263034
-4.120803542274733
-4.124215578216879
-4.163496265952222
-4.185087777029733
-4.131524294587857
-4.3630261964185255
-4.1654206961943245
-4.26619297943077
-4.174909302105028
-4.154598516800848
-4.16366729543782
-4.158860734417485
-4.172705065852881
-4.1756774228740206
-4.194178078445508
-4.183538537170971
-4.165818502852782
-4.207574880121783
-4.165690181026812
-4.161370217972019
-4.258914918295099
-4.182601328885663
-4.181773533089672
-4.197692827349099
-4.1818606911235765
-4.146685936453297
-4.206139965519957
-4.197719513473715
-4.211200692157114
-4.205902646402274
-4.164987961947317
-4.167737743719241
-4.281588281483979
-4.225791984688737
-4.215401275747061
-4.198632604732514
-4.15156238481312
-4.24486635598092
-4.189449148801293
-4.14817089514678
-4.2270781334494885
-4.2027238567775305
-4.200586344376723
-4.1852769555101235
-4.1922774084918215
-4.172120609997011
-4.158777588462037
-4.17358435081051
-4.24175113693797
-4.179379828495449
-4.213514881075324
-4.186814393152796
-4.265269262952102
-4.2118264965199685
-4.226791083319464
-4.11264951920709
-4.585947671720356
-4.245544945277938
-4.500684621819167
-4.198236485214554
-4.2756336873643965
-4.200030120522159
-4.196588096037238
-4.200711248680933
-4.275805232782072
-4.185580263119555
-4.1923792864700085
-4.144787391306433
-4.194793118367662
-4.129669649963786
-4.164484524451887
-4.182098857836866
-4.1499432812898185
-4.193629506324233
-4.1711936596597985
-4.165484839966009
-4.180338854697851
-4.077221253972952
-4.191286820119019
-4.203709232073486
-4.088741261296979
-4.138963814048555
-4.191041372980168
-4.208248583414467
-4.136465001554035
-4.180253748494708
-4.45198006687102
-4.22079390419927
-4.18927679458504
-4.135769819243662
-4.179909845719918
-4.308809303884559
-4.386446585978204
-4.221436891355919
-4.1654166405602
-4.399670998217894
-4.211952099452625
-4.228492479156307
-4.155105985961211
-4.1888104958580765
-4.189745912965783
-4.189599577042358
-4.230720053055021
-4.206029147624417
-4.290520143214216
-4.212608104041048
-4.2661520628312015
-4.183252731089149
-4.202204010737362
-4.355987274006014
-4.503866738687242
-4.159511680130007
-4.351190787727099
-4.28445498470315
-4.144727212681369
-5.341416046099069
-4.107249588714123
-4.176145757086213
-4.196791081143208
-4.213770580574359
-4.193952238269136
-4.179248872947409
-4.17627430938954
-4.171586458596878
-4.17938787258678
-4.1827910685440015
-4.4445247324808115
-4.24250056109615
-4.497629803403576
-4.196455172632259
-4.207082368505006
-4.189680024684671
-4.26401293395788
-4.205817713582165
-4.295628054170705
-4.34506411591272
-4.25146830142215
-4.373626589446376
-4.141292892282903
-4.2253550096498556
-4.194829383525178
-4.24004597359758
-4.2052414562743685
-4.157030321680105
-4.164157262736768
-4.175610016637381
-4.195932932252856
-4.089049318291596
-4.1509619541117955
-4.205667754501533
-4.20272353725979
-4.196751822447562
-4.181977419288974
-4.184503122261655
-4.1813765351169
-4.2749804200095864
-4.191352756357477
-4.129687047959031
-4.273545289323728
-4.185498221237427
-4.183629686780421
-4.4324127126495645
-4.1760720313037005
-4.181009320180916
-4.1726963006201085
-4.190089830934103
-4.1973902516522
-4.240708404181828
-4.1589999915808
-4.199111755210257
-4.2133735820033325
-4.1540796770875
-4.18214999424937
-4.187490023481254
-4.194929191120098
-4.1672903103100625
-4.194606777099756
-4.156922803884269
-4.453181060566878
-4.385528572075311
-4.195897246435745
-4.1823501591956616
-4.207466116834209
-4.188159340910774
-4.199483920083206
-4.201388946300996
-4.309830068977969
-4.185605615951358
-4.1902038700439
-4.544532031606427
-4.203502388227018
-4.163173758980311
-4.205902300894069
-4.209028707807806
-4.359720443258281
-4.131026446933684
-4.223372017662127
-4.123967048812358
-4.1509406251608
-4.258626705540565
-4.356529101515654
-4.238911931916101
-4.147499379400359
-4.144188408671468
-4.200660464403136
-4.169971528633096
-4.273602053148468
-4.241248143492572
-4.122164842234569
-4.256876750551753
-4.18422552973133
-4.20596041770884
-4.17895971664478
-4.170998057530383
-4.1632573491059635
-4.194941232748774
-4.181638721009477
-4.3107419422651505
-4.157292412798323
-4.198200822336348
-4.206962340140397
-4.170523216095385
-4.196599313950196
-4.189978954877557
-4.105357281561304
-4.2067406143548745
-4.178262764811695
-4.415215263539245
-4.272679504672246
-4.191568408665231
-4.173178007971189
-4.381061682441515
-4.198514828707499
-4.17359324156436
-4.107037983731214
-4.166944697239007
-4.2076277395946695
-4.144442217606996
-4.150047450400154
-4.232713405123036
-4.182185179282279
-4.200211948446182
-4.302449489685503
-4.14530062856559
-4.163064159261342
-4.264383465436469
-4.225251835252916
-4.228508744507231
-4.17011993994453
-4.2470696527932414
-4.215410325112689
-4.233731960391735
-4.201821030870473
-4.208962088365732
-4.266885907060304
-4.178970350325531
-4.161337714745181
-4.148254508815647
-4.204222910865188
-4.1642932759523905
-4.175770717760757
-4.193842511319648
-4.256975026760441
-4.196780311673074
-4.19696508557001
-4.183346730105091
-4.18500863583662
-4.154653317992426
-4.247649421280972
-4.160782923303882
-4.170492148037791
-4.159642051826272
-4.19977362232921
-4.17854129253716
-4.179095547578714
-4.20111336965032
-4.195921579627448
-4.251840146114381
-4.160756206424627
-4.245786294238654
-4.155913941956744
-4.26530723173797
-4.406048375752458
-4.3977157294978575
-4.1840498817468506
-4.211940167354821
-4.164283349243712
-4.17144226813755
-4.218215824395259
-4.185852077896611
-4.169967640541629
-4.202508848465691
-4.184298442933605
-4.429906979422989
-4.18001981592592
-4.201627310820937
-4.187581074795379
-4.206768421097147
-4.184072521720682
-4.126463607057206
-4.366882005712767
-4.171562415444221
-4.186200782884496
-4.430569615890501
-4.130055754250496
-4.195484514203555
-4.192322345471138
-4.171021377213226
-4.162649432881814
-4.19875955650745
-4.068899216366766
-4.330795456217714
-4.164415061514497
-4.167206533366572
-4.253550115441319
-4.194732270750397
-4.169789329746572
-4.1849340090944285
-4.397785267366855
-4.1761312613650565
-4.159185779340495
-4.270537642367617
-4.213188755303809
-4.198081220059656
-4.112681178118349
-4.178428437663472
-4.177654136409698
-4.204505183094569
-4.186653892686109
-4.178891349240896
-4.151699702007442
-4.171273466192477
-4.191601596212625
-4.166553513693459
-4.171571616971312
-4.171670469760411
-4.188383945132315
-4.1494086223651285
-4.1738997460949685
-4.528682848448726
-4.173061594965346
-4.176699161932808
-4.190541263709447
-4.174371673499609
-4.185075259093217
-4.176315400050541
-4.2273883902127265
-4.408318210388008
-4.204817248981868
-4.1396866286945855
-4.253351712753905
-4.135435091423852
-4.145811478881058
-4.18219476466076
-4.174434220693525
-4.20589728563148
-4.184959861491959
-4.156624930199646
-4.150606310113355
-4.19312989052779
-4.225995661629985
-4.181968638810803
-4.242851768130612
-4.160822821808411
-4.14168657361451
-4.182248839531273
-4.182891780471309
-4.182131610361748
-4.159004104444405
-4.17804575299165
-4.155295019277851
-4.363142423487844
-4.162068197287389
-4.1886640019688315
-4.152647608353033
-4.141516073749792
-4.220913349112592
-4.185185086462285
-4.1788286248946065
-4.421932846003139
-4.179735825378577
-4.167728277334007
-4.191536835618327
-4.255218837050424
-4.1499449976300715
-4.173288029931152
-4.179741682729955
-4.1783849687632815
-4.119442083601061
-4.167071332161957
-4.2375865428254755
-4.124158614734906
-4.259764133490248
-4.186507151951952
-4.179818950364256
-4.1610207617582855
-4.211703478765215
-4.174389263136459
-4.340737106207619
-4.600714186354527
-4.19099571022625
-4.166418638450174
-4.161953064493997
-4.088774715362125
-4.181232961064899
-4.172940563734494
-4.162276975586772
-4.174574318595439
-4.15889406066729
-4.27545047884648
-4.201964489041977
-4.140604016179447
-4.196206064160668
-4.268748066961672
-4.188785139883967
-4.273450632262397
-4.169312780281375
-4.1859966156822646
-4.178380139400999
-4.158626718848541
-4.253596035218634
-4.199514260713681
-4.153621589238074
-4.1868433255574224
-4.196260728921857
-4.443132991127076
-4.185336988921669
-4.150600238527253
-4.183721489591804
-4.20413491945256
-4.177745428185511
-4.157557348325858
-4.1745443641392885
-4.221514337707615
-4.194102776111918
-4.267624039014398
-4.190688551866392
-4.16795901568105
-4.192393388943308
-4.23386720418837
-4.099499327235998
-6.803486650864161
-4.203866943499292
-4.2012336568224775
-4.189816676732259
-4.184464503042625
-4.204420985071391
-4.189993192522583
-4.159717938955862
-4.176282257743684
-4.16896460875401
-4.118340309997132
-4.1677828134958945
-4.182195872903107
-4.384636202120195
-4.186682275090602
-4.141779131616182
-4.162911166955718
-4.231191263719767
-4.254846024499036
-4.197681559875493
-4.33643761242291
-4.152842789494458
-4.206097297364184
-4.185609292678317
-4.175222334602248
-4.221964686889682
-4.2218558599499705
-4.282562256121473
-4.221697723216769
-4.1905587652315335
-4.427557092102449
-4.209140911475916
-4.444787531281769
-4.17395016455953
-4.1884837987226
-4.125691207862811
-4.282239993185653
-4.250917883682575
-4.3730685221659495
-4.146735805225813
-4.36521888793982
-4.171248916458714
-4.355476340200514
-4.160334633880533
-4.199912454272173
-4.2014866883021895
-4.202814848936363
-4.147548643689442
-4.209108641085575
-4.171884820160919
-4.139364803169254
-4.125262158424609
-4.196751250272509
-4.174257300847237
-4.26827171515946
-4.2118310739009095
-4.2128598707762785
-4.145948123592261
-4.178197800560825
-4.246368791957021
-4.193930680601327
-4.274083937284165
-4.222012632672786
-4.406519697084004
-4.177388597356388
-4.241138683978523
-4.8193278622088425
-4.196221768162766
-4.204454876638206
-4.3857552774208814
-4.167326356108894
-4.193635602401291
-4.196022873035348
-4.223851540818552
-4.180304788229143
-4.157945004955225
-4.180913923193593
-4.163984610500345
-4.128740672797986
-4.243640002377997
-4.228218757590802
-4.183116564255223
-4.126554196543845
-4.164720352923881
-4.174399435509738
-4.174111740736878
-4.184232323025891
-4.342103947090654
-4.164183309685487
-4.185786425288863
-4.220016430720274
-4.148878558110272
-4.528239635345502
-4.196553463459832
-4.1992927442834596
-4.190208290111695
-4.172246819309586
-4.191382765752072
-4.200299604349866
-4.168905546117432
-4.17174165643571
-4.186999660210445
-4.106908427694873
-4.210757457874922
-4.210724771893329
-4.140748434741012
-4.177463335990052
-4.163103941462338
-4.27353233005538
-4.1517179628393155
-4.136486901399793
-4.186063971183709
-4.1429178170684
-4.211819065949663
-4.28575408706243
-4.187833190016157
-4.378912279428666
-4.222014407709066
-4.151935183118627
-4.196179638787157
-4.176085933893673
-4.197330606571464
-4.211935555125734
-4.181420734867037
-4.253707801936649
-4.570978610882767
-4.162602732642775
-4.170784652302841
-4.245262420353515
-4.189792599464265
-4.360615118438727
-4.272727095879064
-4.168411638966756
-4.218584582715422
-4.423393844739838
-4.210801113540967
-4.170453146496426
-4.167127609936876
-4.251134643217637
-4.237696339586319
-4.181379794417054
-4.28411153623211
-4.425396144128836
-4.178990646554228
-4.181177327619107
-4.209662660621909
-4.2356443037057865
-4.26358970805339
-4.200457034039244
-4.163020358409558
-4.259098933589856
-4.265163144254407
-4.186287482367268
-4.205602074208996
-4.266707411055736
-4.168972339287825
-4.14192222607386
-4.116008773483583
-4.186497015225629
-4.147512748969925
-4.2085563913372965
-4.194094967604172
-4.290939591379122
-4.220474963238846
-4.172217054443461
-4.118251860605616
-4.33878175695734
-4.1791871401876435
-4.207966367236391
-4.184755293147348
-4.138023825184565
-4.164033652088737
-4.25212207324346
-4.244319256411499
-4.379881847390033
-4.172510955394962
-4.1578838113797545
-4.196660415145476
-4.198461308090243
-4.1826916907390865
-4.190206988967852
-4.185644654777617
-4.365522684023905
-4.167762493983091
-4.17978840299676
-4.370733465169014
-4.18111386312189
-4.1891589668201
-4.174301402269463
-4.157236091184549
-4.144355967882747
-4.230567427367845
-4.187672856645853
-4.091112925471801
-4.273228605848008
-4.191984912229234
-4.1762452842957005
-4.153303921502562
-4.139695180331428
-4.204862394052676
-4.159358530658324
-4.14718569058553
-4.264895653596694
-4.151737650844441
-4.199281096973589
-4.187328994048903
-4.185769698744191
-4.121659427661427
-4.195892803968399
-4.12679454473848
-4.239054918713524
-4.243877745899636
-4.257816869814612
-4.17644467622249
-4.178586095058724
-4.178132536960686
-4.242105574244881
-4.185662483936345
-4.156953145769202
-4.174948907440472
-4.179107027552949
-4.243005464509619
-4.144716109153711
-4.179044976209319
-4.12936622445679
-4.129216515669745
-4.1724273567655645
-4.236307047687277
-4.2250666529983585
-4.215107329763102
-4.244259741689725
-4.200583618499717
-4.555961291972889
-4.151207363295903
-4.189693866672844
-4.22829142446983
-4.161937406956785
-4.123261319755178
-4.165641448826962
-4.280295214035235
-4.19120855304843
-4.216139976518267
-4.156150645203496
-4.406358225895297
-4.233382213679319
-4.157346250985201
-4.258355962499779
-4.217078588985153
-4.249669279824117
-4.164390161504724
-4.210845502561443
-4.218374747348764
-4.194520256956007
-4.193983422407773
-4.223868267982114
-4.177487474140814
-4.168462875165697
-4.154558598633392
-4.230273400819008
-4.204879509352044
-4.164245995526298
-4.278682405818614
-4.201115426541402
-4.253913877447618
-4.194917443257368
-4.187959803351407
-4.193112792312042
-4.1622937432710625
-4.187406805268145
-4.1790626439868
-4.186988811744758
-4.228116993840362
-4.185328645720671
-4.191743638530453
-4.151542142494527
-4.171703404822483
-4.132448748099576
-4.1552288338096846
-4.193404843548955
-4.843835813506206
-4.156008052119804
-4.216953323448098
-4.19015600417313
-4.155920915214039
-4.375250864673269
-4.20477063857274
-4.211069144178502
-4.184451797804261
-4.182735913096703
-4.121469349443772
-4.181374654491821
-4.141404500607903
-4.18459672894855
-4.2037486648403295
-4.167403675025105
-4.17391430206638
-4.122520322532199
-4.189146470013298
-4.168822964986376
-4.136235188878378
-4.107065532748815
-4.1715497042499505
-4.1742049625103155
-4.197455832297706
-4.1737360724529
-4.167419533281959
-4.370736883929496
-4.118304646771457
-4.202097048635303
-4.264683599436403
-4.1644915353846175
-4.189544702942158
-4.207932731658154
-4.162926747806498
-4.238670737855354
-4.094968882804665
-4.1697472314555375
-4.137298986726428
-4.152678205017723
-4.190653004188746
-4.169788623344691
-4.172929712770687
-4.640356353993671
-4.16085416129294
-4.173603005269312
-4.110198883779606
-4.118383855075954
-4.19058539781309
-4.1898227383279165
-4.56772412564923
-4.177300596454678
-4.199011396245058
-4.3171628487263645
-4.176107980362592
-4.199292797804954
-4.159137162387593
-4.089916146285925
-4.27633983948287
-4.185035012162321
-4.180399115323235
-4.185598397851829
-4.184249507086623
-4.176914008177956
-4.173723534894549
-4.235089423465455
-4.216745764463968
-4.174605729781193
-4.1548303975419145
-4.214089582594181
-4.356763458439926
-4.1694571320658715
-4.1616747274922625
-4.232717181027057
-4.099909607204885
-4.179531934698984
-4.235796116543449
-4.186434951828546
-4.1458762893683
-4.1678569481736485
-4.426037862012391
-4.101976826583957
-4.187982838016837
-4.151471532189502
-4.115954996600285
-4.154165483126927
-4.222922927216739
-4.139008335904351
-4.153774915224115
-4.814833457607347
-4.201210305947924
-4.154293252232634
-4.390058433750239
-4.1671664350397055
-4.23148706680776
-4.177396690397081
-4.220672764316818
-4.280014066165678
-6.822003988693981
-4.171034156846152
-4.186165039665661
-4.1499541407409914
-4.305537863037034
-4.094513627365198
-4.221873115090867
-4.192838879227949
-4.143681320651263
-4.193681267557641
-4.191318319196662
-4.222091002750022
-4.219706514784272
-4.195524357806963
-4.185265223312884
-4.153142382635338
-4.130958597090002
-4.203590314566566
-4.3416236875058765
-4.178390473861973
-4.132344287990666
-4.152253184453774
-4.209311438696924
-4.167577218056352
-4.13748160202289
-4.172415365098758
-4.143476584146795
-4.144990059088264
-4.281789713935153
-4.222189942314366
-4.122595796218878
-4.191723779817528
-4.19053636568432
-4.1641575510639
-4.213667507079896
-4.155814964706562
-4.188001141964085
-4.205642406679223
-4.186800416689552
-4.198415845502681
-4.1773428787784574
-4.118503041921683
-4.383466547018666
-4.185381125316048
-4.157362094817849
-4.196145004304953
-4.2079656351046975
-4.195080023858569
-4.207456314930491
-4.164129842429031
-4.145822043363968
-4.207063309160044
-4.1584140733559565
-4.159454761957664
-4.2046408261037715
-4.192102763805567
-4.194611264290093
-4.182274030930181
-4.201321467950746
-4.178811228002115
-4.168039763362409
-4.201461719094108
-4.171367219094516
-4.3603063494072485
-4.16055468246457
-4.51029536066943
-4.1855673836981815
-4.196841581789023
-4.199060513310796
-4.186464498382668
-4.15559825310976
-4.202191436972962
-4.173720259873158
-4.178516632419882
-4.378905569403756
-4.226675640913909
-4.141103199842611
-4.187734462019615
-4.091187814643155
-4.211103747322582
-4.167535915911294
-4.184019070293208
-4.1710712872144615
-4.233500325827215
-4.216006709192704
-4.136440354121386
-4.19913941079087
-4.158121731527594
-4.182347325620556
-4.250734984862458
-4.175879255243472
-4.370769404074138
-4.210215431454461
-4.077262795071934
-4.167243157501698
-4.084699725043629
-4.304921166924212
-4.17189555386496
-4.242971371881468
-4.226666505803549
-4.13769291994465
-4.163366461052352
-4.166108698422271
-4.385435052527209
-4.144969228358521
-4.20469522524889
-4.1888581523576685
-4.202991697667711
-4.225090329811495
-4.2767359468115105
-4.195578368916561
-4.158432274940777
-4.299133560406282
-4.1606806390408275
-4.163081637665784
-4.361736549334278
-4.2133013923717035
-4.176255649970128
-4.177053815493379
-4.201193533170374
-4.16648524581677
-4.171973127260886
-4.19057892975502
-4.191944753739655
-4.113135900504694
-4.165041828400008
-4.189903721991714
-4.2281797327803625
-4.160022240148955
-4.242313378717964
-4.177243612725863
-4.131829888636422
-4.196352942321532
-4.191217640852778
-4.16735160735935
-4.1935464871635
-4.2523725262908165
-4.1529229901575695
-4.208643863491147
-4.209376306460795
-4.1652740058555064
-4.150742503376833
-4.189954374929464
-4.187215415035262
-4.206341651655239
-4.175581121763579
-4.18998178564457
-4.12953900484223
-4.363350672027863
-4.152620532354847
-4.174876585833792
-4.153909254195693
-4.151372557048712
-4.144131069130904
-4.150082909471525
-4.168338871271398
-4.165066233070209
-4.173256032012675
-4.1685862603219865
-4.188128087408699
-4.18296571550874
-4.189363176131979
-4.197014569419967
-4.154677592757346
-4.476053364334953
-4.157685021686317
-4.300820672596561
-4.171973864755914
-4.342256225773735
-4.207502399315783
-4.128816519845701
-4.170557652902873
-4.190030550905689
-4.308909583837333
-4.160013220662154
-4.225611952576029
-4.289836222541356
-4.17454625106903
-4.253816201356773
-4.128628720956269
-4.108258956180441
-4.259937027973734
-4.1651100623089565
-4.160240228255754
-4.20076491967884
-4.179815639206394
-4.18692728255991
-4.219620160229116
-4.219825737443589
-4.432615225435169
-4.140327555343985
-4.204399574760835
-4.1602937474408135
-4.18365199849508
-4.176111145131158
-4.1803768078326815
-4.176554996168043
-4.306750174720552
-4.169681267280574
-4.216451604501501
-4.1786114883423675
-4.176227299592136
-4.131430892434912
-4.369777696913941
-4.1784250395765135
-4.157877554157246
-4.174313080668617
-4.198773957590721
-4.201818140733679
-4.219828803742859
-4.1549179276183
-4.171289878636418
-4.190932558150587
-4.792810122440804
-4.144443044596824
-4.187578553831037
-4.161842962970466
-4.154881233807186
-4.1424821968022485
-4.238387352724453
-4.212223317391912
-4.353118095386768
-4.172652937089134
-4.397489305786894
-4.1719129958521854
-4.158377543703211
-4.274322113083589
-4.179466592659116
-4.1529080310178195
-4.305784601046685
-4.371729249650659
-4.176398099676875
-4.244599068581075
-4.146223306704583
-4.396546730368662
-4.166717062632972
-4.154813819341677
-4.167398848584816
-4.18540152242653
-4.159578190972458
-4.223193179292354
-4.165428066687711
-4.145981735884723
-4.176955549738697
-4.136929852988031
-4.117058894691053
-4.1855207912434835
-4.166148940844672
-4.153153869852231
-4.162632920327587
-4.175444711395734
-4.1841249284845246
-4.257571261920388
-4.200505450302397
-4.177563984298028
-4.260158081688103
-4.202165507509201
-4.392479282912926
-4.183088393171213
-4.189989621391182
-4.158044058026065
-4.368335766580831
-4.1882186098157685
-4.169712505228361
-4.171671487041403
-4.193357710214463
-4.118241335652599
-4.244824726308101
-4.1758625954661674
-4.151083449027487
-4.162671866176609
-4.205555992443464
-4.176053853387797
-4.359786788845354
-4.201378997605956
-4.283002200738961
-4.218476258947221
-4.155730007672081
-4.153277999171078
-4.180862666085193
-4.265191021431463
-4.178845859644509
-4.158285811266685
-4.180356068096699
-4.172435858476699
-4.163440791016725
-4.120676637427156
-4.180949899057694
-4.186298561344435
-4.329074362945025
-4.172655340660204
-4.152849455629714
-4.168546698983146
-4.1600209996915645
-4.1449036842711635
-4.182105119331722
-4.082628788057719
-4.247349501891838
-4.189536397500315
-4.198545570526123
-6.856000786595693
-4.156695670909444
-4.1822534843337715
-4.188529631105393
-4.1656861552999
-4.160957879101995
-4.23945935817937
-4.141824678496982
-4.199478393761298
-4.196108806120437
-4.254538130511281
-4.201786094347552
-4.172633399777981
-4.403945463560278
-4.173829349989453
-4.1775537475594655
-4.220096634894513
-4.1495705064657455
-4.42195836226077
-4.184307404550359
-4.159210717944669
-4.1565940454081325
-4.156335638795996
-4.1594373245527905
-4.177460521251906
-4.125635096677088
-4.1753023355938685
-4.348040547166884
-4.191086071252862
-4.173345185539242
-4.148995061858489
-4.1502438132234145
-4.215110722772948
-4.361998956860654
-4.174975708228959
-4.168976411055432
-4.158354206175757
-4.263710906415797
-4.161381057002357
-4.259296434700498
-4.186086229564861
-4.250356389203902
-4.1669025563969155
-4.159965609160035
-4.173132642372895
-4.142207363899635
-4.130444178822201
-4.15415984092198
-4.254412889163106
-4.187805153086348
-4.212888476713019
-4.168704749348619
-4.591633926546959
-4.360362236422381
-4.1757205959720745
-4.179882779094307
-4.182760124925366
-4.183078830768136
-4.191070215368198
-4.166655065016726
-4.192152849797692
-4.175322969145542
-4.143063086403929
-4.182990876305985
-4.17543398094327
-4.20835921590403
-4.189970927778035
-4.213588205567035
-4.159622020090489
-4.217098079698905
-4.201771428911134
-4.181130382185268
-4.205774900328642
-4.163694725593179
-4.157260372072079
-4.139249994438506
-4.188106382175188
-4.132758662319155
-4.203802935318916
-4.1262779807757175
-4.184929137253375
-4.218827760580399
-4.1468963341914025
-4.1536783793148135
-4.198510375992698
-4.190117148144122
-4.20387946515893
-4.257964591995696
-4.156584536061292
-4.24846990860748
-4.132304567518651
-4.167877801314593
-4.247125178297178
-4.160704469938292
-4.129972579077427
-4.229605618118416
-4.182039779422855
-4.238300947547037
-4.214669668364879
-4.186011476199175
-4.175010700090308
-4.1987353993084335
-4.176553628854257
-4.166485334466541
-4.180411001717821
-4.191697862596694
-4.182380015004672
-4.2202018622756645
-4.2117451006127355
-4.510155233703523
-4.157556085808135
-4.212448978693815
-4.253619851749332
-4.157679938633379
-4.1786765539787565
-4.306011489808905
-4.274120880493013
-4.419654737663272
-4.172783193313
-4.1739750048083595
-4.1811054761451585
-4.172272915935758
-4.187175158729985
-4.1693491946356875
-4.228861399773207
-4.176117322912748
-4.15647680686231
-4.1552764141614436
-5.272690376555469
-4.175488865429948
-4.169296614012714
-4.2676127397138774
-4.181523590811937
-4.200289032975723
-4.164474884015033
-4.079670887372732
-4.254821292743262
-4.380623059224842
-4.128398572109416
-4.17843225669129
-4.194627199885922
-4.143066887350194
-4.159656918415702
-4.187121581989088
-4.525832194238303
-4.156230048439822
-4.136321709510993
-4.17303208276592
-4.266710519095788
-4.154464924880769
-4.163338349194447
-4.185358013197198
-4.169542258453723
-4.324452229566113
-4.149658037860528
-4.192868309374772
-4.115650768109036
-4.233495470056074
-4.14877771252272
-4.175851446794986
-4.796589612714217
-4.249300914931813
-4.173755283612598
-4.167572288123344
-4.180622613231951
-4.240524044767521
-4.21385984109568
-4.100360039920547
-4.2023562371178
-4.293445582479737
-4.205054387288891
-4.138642264764496
-4.190132658762708
-4.15829081606283
-4.163626499960585
-4.1480144599617415
-4.1621115773548425
-4.2433143025171995
-4.194176195803382
-4.1978284649479765
-4.201053835676231
-4.162030062684414
-4.188144514748854
-4.178787286484765
-4.144055145713018
-4.174809419875458
-4.337378771822687
-4.15993540184668
-4.208236713379052
-4.203134018651416
-4.194527572285523
-4.193801663121962
-4.172348642123257
-4.3862971698978575
-4.1572096798146285
-4.1720462506231675
-4.168418740791163
-4.15590201340378
-4.36072692985496
-4.101201510834661
-4.193853816190684
-4.182799716558414
-4.556724865287374
-4.236558930096896
-4.162236681330428
-4.190358376834446
-4.169320198520672
-4.186718371221256
-4.190498989425597
-4.297895034950934
-4.1983205997094535
-4.184852373697881
-4.173876497645848
-4.178772306642324
-4.1670557099391745
-4.191498425268881
-4.121698409847891
-4.173188316394265
-4.153939327841478
-4.15792235558556
-4.17104902874375
-4.153216974792544
-4.198642120385173
-4.199958869604814
-4.194965697132405
-4.224115141812163
-4.183637872379943
-4.400893122213457
-4.357653075769169
-4.182067896887741
-4.197421321212195
-4.2160341214850785
-4.164659409043935
-4.160623464099872
-4.184936196856089
-4.258376030107111
-4.170188094207309
-4.406276045411774
-4.185479763272922
-4.148187820382694
-4.17905382085361
-4.138328059346258
-4.138891108462149
-4.168166505038563
-4.198578513482818
-4.144347652404407
-4.147771743899972
-4.179359151380439
-4.1496170935208205
-4.186433243036097
-4.385374499000229
-4.173880890684489
-4.2321698629548905
-4.177633706206759
-4.1660825035719915
-4.216908100928807
-4.176916306543501
-4.136382136673245
-4.121576215779137
-4.2596380314767535
-4.188703252686354
-4.151028077897235
-4.154458834058718
-4.16044915340336
-4.377432660444183
-4.183151545146584
-4.187141449564487
-4.176378539284594
-4.180614210508758
-4.149947114849159
-4.144849924335114
-4.147678480043201
-4.199678442938508
-4.206070705731606
-4.2022167887996575
-4.417531519066827
-4.2236572880065575
-4.1145389895508435
-4.174022192662217
-4.174911694948323
-4.152677484749625
-4.163841418226496
-4.17557954592749
-4.228371069924084
-4.284862379726318
-4.0914418456105555
-4.182085061582802
-4.386036330205951
-4.1963116802859
-4.169366717533785
-4.146933972702807
-4.187636475305129
-4.173553054520159
-4.1882402633415765
-4.125366609299807
-4.156486202762474
-4.215503779304598
-4.165515393155882
-4.389529401152749
-4.387269239551378
-4.146231009924594
-4.174314902664053
-4.15287125025189
-4.181175094462647
-4.199698482735433
-4.1624158975301615
-4.171369418646563
-4.1335674785029735
-4.161707347087955
-4.232067744236363
-4.177777411223862
-4.169794344757541
-4.194119930891621
-4.199252959217637
-4.164262177998995
-4.208407187026725
-4.150688302716112
-4.177632111181772
-4.170033362074127
-4.3587519246532365
-4.175279506918935
-4.376780110689666
-4.189415182990445
-4.202967123851963
-4.1220457981345575
-4.174656430809876
-4.163935963898635
-4.129577639113918
-4.194409789908263
-4.112130663824303
-4.15584786795086
-4.141597330313819
-4.176261572588511
-4.132229773350341
-4.190586164890196
-4.173236248429087
-4.167883240605278
-4.177041198278137
-4.173528977210041
-4.155533702700314
-4.15047850272784
-4.193740526268982
-4.211181761912461
-4.147634920640413
-4.541921670034405
-4.143316842501179
-4.154226135414835
-4.17013319826902
-4.143021026625552
-4.169138016836524
-4.188031180897483
-4.176861869544252
-4.441964504426852
-4.167143508961492
-4.152643904081835
-4.394601149915828
-4.168122519641466
-4.160610474698325
-4.225897839507077
-4.084793118361269
-4.177406755117265
-4.162294945512533
-4.110898147790302
-4.138069988022245
-4.161366001400913
-4.222772293184689
-4.163261056508548
-4.145933727006184
-4.174811210388621
-4.151278668598647
-4.198805099878485
-4.160818369299384
-4.184371328944205
-4.222383165173453
-4.251302720837761
-4.356672717689078
-4.176996312184496
-4.15130407361051
-4.1655017181971505
-4.1546663793858
-4.168673278431272
-4.15868429454321
-4.126713687438772
-4.161419396107852
-4.142299389021345
-4.136721262330722
-4.189502682661604
-4.211514417357691
-4.262143840016002
-4.195678957324129
-4.238838675068869
-4.16780204427763
-4.146740255691573
-4.160833325587568
-4.1158777498854695
-4.353441092303402
-4.243053342506217
-4.123103025748365
-4.175911064178151
-4.152432093643732
-4.200927315172813
-4.140146293529901
-4.168798487715529
-4.161710383357484
-4.21781219249141
-4.190334494425364
-4.1989071035448635
-4.146834232475551
-4.1903622640423475
-4.342990945954601
-4.186073821818546
-4.1287727051324525
-4.166393380129881
-4.250610947625868
-4.176814221041492
-4.258675955366547
-4.186327252586154
-4.158119135060697
-4.109497798314627
-4.167791611828975
-4.164185286034657
-4.1464649762321555
-4.202017325406675
-4.127109177457086
-4.181183929977425
-4.172008176991206
-4.247742239679825
-4.179533794555408
-4.143224550937758
-4.198328700532734
-4.546984874531839
-4.1809971053832395
-4.168418226271558
-4.155045011599662
-4.123059260630143
-4.156464079254191
-4.409106440847653
-4.176383729454089
-4.138645047229584
-4.1378272528306175
-4.223284482554957
-4.265248488752233
-4.153295544821812
-4.130311296412905
-4.183968124074704
-4.173741541129056
-4.178395946330549
-4.171389612092321
-4.119548883927128
-4.345947045388844
-4.244237618084498
-4.310671696139614
-4.185318974196055
-4.20019280673703
-4.23942085230464
-4.116037707669239
-4.214669087077484
-4.22863783877755
-4.182585005987443
-4.185316510754832
-4.1781739441977015
-4.157870009844881
-4.191935719570971
-4.226817541287478
-4.179679547225188
-4.224574121084153
-4.189478367324124
-4.150974101756799
-4.154771790637836
-4.465298548486367
-4.171560150395121
-4.126848143913083
-4.200835807015889
-4.156052343544071
-4.166075968115611
-4.187193646206636
-4.542642969667446
-4.146749300888586
-4.1924591512100635
-4.167442925162434
-4.222409938744025
-4.159773270297616
-4.2735130900733465
-4.1627737048286075
-4.259809203872059
-4.187783251014829
-4.17742284121454
-4.166276288606189
-4.198452562233289
-4.260474614045845
-4.183182579349737
-4.199056402762446
-4.156787536527955
-4.206560748661909
-4.201603232100468
-4.206187447005634
-4.153181188198322
-4.169259798245127
-4.256346700375043
-4.138199487229658
-4.154707139381692
-4.173934174678208
-4.215055432417826
-4.156380738380436
-4.225948403240151
-4.178307437036101
-4.31953135807917
-4.177987398203732
-4.196939703360034
-4.249156976240208
-4.121029180167302
-4.180550464760016
-4.18994694063294
-4.2003167754902355
-4.239641398180622
-4.175064370028132
-4.142183468693514
-4.129746273333507
-4.185561508616098
-4.182279238451897
-4.26085567003174
-4.16343704865896
-4.187213566846498
-4.165046568585973
-4.249199991459572
-4.2016458012518365
-4.162041846741621
-4.26925404203167
-4.349933846240278
-4.18340504127396
-4.201876956049086
-4.116322151970225
-4.156679926964878
-4.183030122616205
-4.202674716352637
-4.1591007298939395
-4.170331710450446
-4.125532812836256
-4.164690540740071
-4.184708335960698
-4.191536512229906
-4.230874346497551
-4.176317151882801
-4.14126076007263
-4.152823285070641
-4.164977252244715
-4.194609263828172
-4.165742031776547
-4.186742757501898
-4.178159068009071
-4.161836218683533
-4.1600286701520135
-4.175389659472162
-4.188927599571208
-4.175136251749883
-4.072395367736243
-4.111658563258488
-4.159919478759623
-4.158430646639229
-4.149844011522287
-4.1807830664941825
-4.201563215589311
-4.2242804048847855
-4.2330891342266534
-4.143609737542051
-4.181383173195315
-4.261112493678557
-4.18901434276875
-4.178983261771082
-4.182639779544322
-4.159625137094634
-4.204520084471315
-4.196679369195435
-4.185054297071868
-4.194433112823584
-4.180578869353882
-4.148388550707901
-4.247669343967707
-4.157382623010406
-4.274342272024435
-4.165617500614342
-4.14585226204029
-4.1689968905617265
-4.155117488597733
-4.187980571069287
-4.211878253250532
-4.17793398953292
-4.175158089591445
-4.188426736231862
-4.1689587622529265
-4.157781499460228
-4.356010445484417
-4.195771372820972
-4.163913730771788
-4.189896630077829
-4.1979097768865925
-4.1840193646254225
-4.18467107705475
-4.171091872668492
-4.198535786351463
-4.183898960696118
-4.14221584953302
-4.1361443994745235
-4.182516329320802
-4.121426594016524
-4.1576211200044675
-4.154114600063715
-4.189190808883766
-4.163720853546472
-4.117483692809326
-4.1791781805928565
-4.171925986253528
-4.345764523511802
-4.152613487585832
-4.157682363906859
-4.160158146555601
-4.202588193254224
-4.145065164862144
-4.197349246414899
-4.168864596762704
-4.163632695007797
-4.179663425225774
-4.203595623974623
-4.186393199822891
-4.182512573672351
-4.16343039738045
-4.164554982434144
-4.335782151731325
-4.166382899740995
-4.213807662977091
-4.192894649114066
-4.319301538886408
-4.169775309435921
-4.170017169737034
-4.223525982207998
-4.329398542974365
-4.1697129543285225
-4.182928979640742
-4.1704547454229735
-4.163244993190004
-4.179396136995628
-4.160164434553107
-4.20991533877871
-4.190577033157085
-4.154398238760761
-4.1610735678412745
-4.1405432564623
-4.21392399599725
-4.161182192154367
-4.209920739052143
-4.158574630803664
-4.246592751749761
-4.163086630829759
-4.179892885881438
-4.134989506473562
-4.170616863357685
-4.198581630181294
-4.271713823704881
-4.146575117358902
-4.152651183269852
-4.167797987271603
-4.1758602321233385
-4.195888737702356
-4.198851105070478
-4.330982611831628
-4.138730899289007
-4.14537080294901
-4.175910620936775
-4.205583743025388
-4.148983574895593
-4.1677963512862
-4.18029053074805
-4.14760232259138
-4.1913366189831125
-4.375053115595442
-4.188254740774496
-4.174274369941458
-4.1297276065632476
-4.180347190666903
-4.138551858362511
-4.2756765512816095
-4.374506192092424
-4.328917365918895
-4.131903256959203
-4.170495304519963
-4.18908666300334
-4.204531377688157
-4.141339379671306
-4.150913983999893
-4.133915802786571
-4.171112132908257
-4.162325201657888
-4.163823130715031
-4.183521190297412
-4.199395355220427
-4.123842018102525
-4.180448122439369
-4.2089858567527125
-4.143032845049297
-4.153940065484765
-4.153558522833733
-4.1686488615794834
-4.167600602567458
-4.11959248706507
-4.149159812171306
-4.166754976444104
-4.142188975755838
-4.190698173467593
-4.198870727771982
-4.200297802424775
-4.170448842908897
-4.170591076990868
-4.244743370065906
-4.1542583579646175
-4.168242389752388
-4.147746358017282
-4.1226088500355305
-4.25341093913156
-4.379547456784016
-4.162217857333541
-4.155584049591991
-4.1601477297144775
-4.206119854195539
-4.192331657502436
-4.175185814463365
-4.177216268683076
-4.163395708413503
-4.232209289101361
-4.070076033399261
-4.140032477477948
-4.128880204522692
-4.1525429340321445
-4.1785940071910925
-4.241274652693954
-4.158899263360149
-4.244373929809452
-4.263478592275606
-4.146855604004955
-4.158427808701633
-4.162574386653898
-4.150910454375773
-4.101993918112768
-4.167510263810593
-4.1964530875170825
-4.18580699774393
-4.164512143015867
-4.54850048783155
-4.139395908686178
-4.151316364275141
-4.173331907422819
-4.190758114319729
-4.172722024894888
-4.261629541363827
-4.149352774711922
-4.242385629324674
-4.233390467666795
-4.190119198225731
-4.192162741255454
-4.127599275662194
-4.23414770687873
-4.185404103976373
-4.168225499334598
-4.1472003226156495
-4.1715643232651365
-4.25191206667579
-4.159378188109764
-4.161133552765995
-4.127925059328429
-4.141192808741578
-4.2169110700487185
-4.158709440654742
-4.176528531690953
-4.201765818650545
-4.176178258237155
-4.1959170691043095
-4.167448504350583
-4.153173945327041
-4.1881073535636615
-4.233562238952176
-4.173735886830265
-4.224329621371012
-4.123515065290243
-4.266715990283432
-4.182081542453247
-4.172724885766189
-4.181448593166908
-4.179924013788391
-4.252633006660282
-4.092583322230912
-4.146871381827163
-4.152365472381602
-4.116673309311013
-4.20695230025516
-4.151333153517653
-4.191085360713418
-4.33040556787652
-4.1500942821794515
-4.225833087877791
-4.159399353663626
-4.19841566946176
-4.170940811466399
-4.181964213776882
-4.1392348351165955
-4.172749441167107
-4.39461947912582
-4.2520506566653635
-4.166307475233367
-4.163994631106575
-4.147116747661804
-4.159180653546714
-4.180998701378428
-4.186267127434563
-4.23049043948503
-4.253239410120339
-4.115535998681707
-4.183631274453773
-4.176565861379474
-4.160750439234347
-4.128664635973604
-4.165109215923302
-4.161587265265448
-4.252355276798687
-4.145972410911038
-4.166045636803805
-4.176628540570711
-4.231413540525969
-4.170306145253685
-4.188478327172939
-4.185084892763493
-4.091441014504467
-4.182488213049222
-4.398077103750619
-4.195734317860614
-4.167819827709811
-4.168881263843669
-4.1596426239330535
-4.163690032717138
-4.171530121625011
-4.149695050258004
-4.4296876408994885
-4.223488280806444
-4.274008492759759
-4.173724880603489
-4.176682080855171
-4.170507610037144
-4.191342248352382
-4.2935997338606215
-4.207724083757958
-4.136397272970086
-4.168106265926135
-4.178045241690017
-4.371980919993949
-4.148022364176814
-4.150939324752214
-4.181847591418215
-4.1781778403672645
-4.222680578160243
-4.198979579342604
-4.15962650204264
-4.169517543647638
-4.15567637656581
-4.14185314256624
-4.355895242231722
-4.134517242475693
-4.177834560269756
-4.145883657855525
-4.155824992580116
-4.150164997103129
-4.1542890327925255
-4.1079030309976
-4.174824350638716
-4.139722889199786
-4.177618427924642
-4.261557102918369
-4.181123284596084
-4.130150465897046
-4.156927293341623
-4.257245370918567
-4.157505507842928
-4.127730509406195
-4.168950377329429
-4.157738694472764
-4.410163772765075
-4.155411014262658
-4.192021625184644
-4.240353639834299
-4.180790907426839
-4.172522152210706
-4.157083423498219
-4.152778325996624
-4.177977673474681
-4.152301126879693
-4.183056102771183
-4.235212014633703
-4.18114370592817
-4.12196696141867
-4.164489762051036
-4.176555544660518
-4.162655987371355
-4.208064047543571
-4.17371876230211
-4.157780741773002
-4.164123608825546
-4.188428427164124
-4.185660951960201
-4.1739111204333135
-4.201044922971352
-4.192411331625019
-4.126378434094728
-4.156201481590049
-4.185618483710812
-4.169996477071114
-4.1897199351822145
-4.144760230514817
-4.128606345985661
-4.233685712309383
-4.152922252161832
-4.209088808812179
-4.17659224778644
-4.271007191659097
-4.504416461305917
-4.154872853391743
-4.175754086518285
-4.169344823465332
-4.103696622586773
-4.17903807797366
-4.178697111214333
-4.1227808255294764
-4.117711287882003
-4.164596813208928
-4.236079961596566
-4.167163866800076
-4.174735189560022
-4.16522644630416
-4.257045610068173
-4.1881060575286275
-4.16242268988527
-4.324636886973595
-4.179670962119318
-4.213748559616363
-4.145886591407462
-4.152968950914682
-4.2458222042611595
-4.180357197136102
-4.263134980530607
-4.1685495542147635
-4.347906960889827
-4.19174466353642
-4.256107887129444
-4.1750666032749795
-4.171314894763917
-4.152338933730645
-4.158633154067235
-4.2507072073360055
-4.165233025232376
-4.172656669666305
-4.130791916638801
-4.187856480248916
-4.155716763725374
-4.183782419442992
-4.167160303955831
-4.246733139488112
-4.170259456715475
-4.214325879868407
-4.1747774670043825
-4.130522517827816
-4.159702672987453
-4.183865775626615
-4.346899439048333
-4.151579060834347
-4.179402882878151
-4.14273199149297
-4.129964325148663
-4.167590748591196
-4.170278013010887
-4.170812570939446
-4.1248012970685615
-4.2566744213545
-4.345882756285899
-4.193413843364365
-4.182884617654343
-4.170900695757878
-4.1951661789693615
-4.192895120193366
-4.185518424038813
-4.183081720964259
-4.14795152539241
-4.218223798746439
-4.174133999818845
-4.382027632227758
-4.160298680101784
-4.339287127405406
-4.164284265920642
-4.263720221912012
-4.159929569664905
-4.237410852220839
-4.1690297787752
-4.136805678947765
-4.148532591934713
-4.183742980879809
-4.163183885874603
-4.148318063201442
-4.176893444444484
-4.146994926499544
-4.159983954655557
-4.137507864124016
-4.186854223901231
-4.147796091170394
-4.146539520833654
-4.200914247373296
-4.1515506779437885
-4.505129925043308
-4.280990874440251
-4.18258708146584
-4.190108866367016
-4.188527035644522
-4.149973367087731
-4.134353957179134
-4.1380082183805715
-4.184672108237947
-4.181936056756032
-4.162279333059424
-4.167798281915009
-4.1475359748382665
-4.1305150614557755
-4.048769961122538
-4.116782362365719
-4.237396878170806
-4.368031020647181
-4.1638692324864
-4.155055735475127
-4.1701010325226555
-4.381579787215045
-4.254229608579719
-4.183101454032335
-4.233598700468254
-4.156798661883383
-4.181459784271281
-4.169128282702075
-4.135842093030997
-4.167333362300262
-4.113046259240074
-4.152916306094487
-4.172516642817361
-4.183693920154225
-4.163741737053032
-4.137525996432813
-4.157627076335433
-4.176246775383811
-4.1663148523129685
-4.152625069840404
-4.194271397732115
-4.177176009909321
-4.305354644002815
-4.163962727342452
-4.257379951513367
-4.158474297427816
-4.300555209296547
-4.141531940019162
-4.1579255615356026
-4.198145733103847
-4.179674391447053
-4.239215479548439
-4.1477978421446124
-4.186780024736198
-4.179771270931884
-4.1840422429495066
-4.241275411170605
-4.17184937407103
-4.159845889121679
-4.168268507922085
-4.204192566314526
-4.243922759226284
-4.16076611234749
-4.215466426278182
-4.3769849152783635
-4.139338666430314
-4.134598590349882
-4.1726469724581285
-4.190002059182901
-4.200762292808723
-4.14011860974332
-4.149906208240111
-4.16850286352936
-4.169474895328426
-4.1516615282418545
-4.185274032352857
-4.1607257768720975
-4.181131296260478
-4.161587087872524
-4.159970821703483
-4.141197401621238
-4.163605530335757
-4.170761651968866
-4.1657430931128285
-4.169782073270708
-4.173557436303535
-4.239127763412657
-4.16635512841338
-4.17406461813329
-4.138985003164307
-4.1700714156755865
-4.170564674675029
-4.16337346562268
-4.161176527950317
-4.140687701137845
-4.11448299455698
-4.334270737359558
-4.172320401556884
-4.130782060293914
-4.132548503800069
-4.144922031828974
-4.30816174505229
-4.149825621632649
-4.153216784712202
-4.212850812804612
-4.188321780364259
-4.207918367959217
-4.166984475162756
-4.170919396901913
-4.180305956234294
-4.08696507800018
-4.189963565210427
-4.1580739559371755
-4.188315890872364
-4.168450726802907
-4.442036117942277
-4.187359925244127
-4.169781270978582
-4.177152503562647
-4.174087569741575
-4.14581464144692
-4.160352824927321
-4.177551651944269
-4.163386337522474
-4.141895042334741
-4.260433973617425
-4.154839562696973
-4.249679361722981
-4.168620696051058
-4.183624587797748
-4.238270574058389
-4.1813015813963235
-4.15924094274085
-4.14964536681694
-4.168770505065182
-4.164005373592636
-4.184654706885193
-4.185290325029182
-4.146720793558035
-4.175285418457728
-4.122798031239657
-4.1614885628592635
-4.1310055737066715
-4.1400979890838
-4.169305517667392
-4.1771104936088985
-4.166895018598528
-4.1763313707895975
-4.233583343049334
-4.134915288047584
-4.242529329875469
-4.1542096494743594
-4.1280643730586215
-4.1812178834088805
-4.1806959871181135
-4.2893964333622225
-4.14295966730064
-4.156340097896713
-4.220687445805941
-4.158137148117789
